payment_id,policy_id,payment_date,amount,payment_method
1,1,2026-01-03,15044.03,Especes
2,2,2025-11-26,32765.24,Cheque
3,2,2026-02-24,32765.24,Especes
4,3,2022-02-08,24704.46,Virement
5,4,2022-08-16,2854.87,Carte
6,4,2022-09-15,2854.87,Carte
7,4,2022-10-15,2854.87,Carte
8,4,2022-11-15,2854.87,Cheque
9,4,2022-12-15,2854.87,Cheque
10,4,2023-01-15,2854.87,Especes
11,4,2023-02-14,2854.87,Cheque
12,4,2023-03-16,2854.87,Virement
13,4,2023-04-16,2854.87,Virement
14,4,2023-05-16,2854.87,Especes
15,4,2023-06-16,2854.87,Virement
16,4,2023-07-16,2854.87,Virement
17,5,2022-05-09,35100.63,Cheque
18,5,2022-08-07,35100.63,Virement
19,6,2026-01-11,15864.34,Cheque
20,7,2023-01-19,30046.44,Virement
21,7,2024-01-19,30046.44,Virement
22,8,2024-03-10,16959.05,Virement
23,9,2024-01-02,15258.06,Especes
24,9,2024-04-01,15258.06,Cheque
25,10,2022-10-01,1860.87,Carte
26,10,2022-10-16,1860.87,Virement
27,10,2022-10-31,1860.87,Carte
28,10,2022-11-15,1860.87,Especes
29,10,2022-11-30,1860.87,Carte
30,10,2022-12-15,1860.87,Cheque
31,10,2022-12-30,1860.87,Carte
32,10,2023-01-14,1860.87,Especes
33,10,2023-01-29,1860.87,Carte
34,10,2023-02-13,1860.87,Especes
35,10,2023-02-28,1860.87,Carte
36,10,2023-03-15,1860.87,Virement
37,11,2025-11-25,4825.35,Cheque
38,11,2025-12-25,4825.35,Carte
39,11,2026-01-24,4825.35,Carte
40,11,2026-02-24,4825.35,Carte
41,11,2026-03-26,4825.35,Especes
42,11,2026-04-26,4825.35,Carte
43,11,2026-05-26,4825.35,Carte
44,11,2026-06-25,4825.35,Carte
45,11,2026-07-26,4825.35,Virement
46,11,2026-08-25,4825.35,Carte
47,12,2022-03-17,2674.62,Especes
48,12,2022-04-16,2674.62,Cheque
49,12,2022-05-16,2674.62,Cheque
50,12,2022-06-16,2674.62,Especes
51,12,2022-07-16,2674.62,Cheque
52,12,2022-08-16,2674.62,Especes
53,12,2022-09-15,2674.62,Especes
54,12,2022-10-15,2674.62,Especes
55,12,2022-11-15,2674.62,Especes
56,12,2022-12-15,2674.62,Virement
57,12,2023-01-15,2674.62,Especes
58,12,2023-02-14,2674.62,Cheque
59,13,2023-09-28,1994.82,Carte
60,13,2023-11-27,1994.82,Especes
61,13,2024-01-27,1994.82,Especes
62,13,2024-03-28,1994.82,Carte
63,13,2024-05-28,1994.82,Carte
64,13,2024-07-28,1994.82,Cheque
65,13,2024-09-27,1994.82,Cheque
66,13,2024-11-26,1994.82,Virement
67,13,2025-01-26,1994.82,Carte
68,13,2025-03-28,1994.82,Carte
69,13,2025-05-28,1994.82,Especes
70,13,2025-07-28,1994.82,Virement
71,14,2026-03-23,5899.91,Cheque
72,15,2023-07-14,3164.75,Cheque
73,15,2023-07-29,3164.75,Virement
74,15,2023-08-13,3164.75,Carte
75,15,2023-08-28,3164.75,Especes
76,15,2023-09-12,3164.75,Carte
77,15,2023-09-27,3164.75,Especes
78,15,2023-10-12,3164.75,Carte
79,15,2023-10-27,3164.75,Especes
80,15,2023-11-11,3164.75,Cheque
81,15,2023-11-26,3164.75,Virement
82,15,2023-12-11,3164.75,Cheque
83,15,2023-12-26,3164.75,Cheque
84,16,2024-03-02,78423.42,Especes
85,17,2026-06-29,2953.99,Cheque
86,17,2026-07-14,2953.99,Carte
87,17,2026-07-29,2953.99,Cheque
88,17,2026-08-13,2953.99,Especes
89,17,2026-08-28,2953.99,Virement
90,18,2023-10-20,6401.2,Carte
91,18,2024-01-18,6401.2,Virement
92,19,2022-12-08,3886.21,Carte
93,19,2023-02-06,3886.21,Especes
94,19,2023-04-08,3886.21,Cheque
95,19,2023-06-08,3886.21,Virement
96,19,2023-08-08,3886.21,Cheque
97,19,2023-10-08,3886.21,Carte
98,19,2023-12-08,3886.21,Cheque
99,19,2024-02-06,3886.21,Virement
100,19,2024-04-07,3886.21,Virement
101,19,2024-06-07,3886.21,Virement
102,19,2024-08-07,3886.21,Virement
103,19,2024-10-07,3886.21,Carte
104,20,2023-07-17,78801.64,Cheque
105,21,2024-01-15,68065.76,Virement
106,22,2025-05-29,7273.85,Cheque
107,22,2025-11-27,7273.85,Especes
108,22,2026-05-29,7273.85,Virement
109,23,2024-01-12,10807.84,Cheque
110,23,2024-04-12,10807.84,Carte
111,23,2024-07-12,10807.84,Virement
112,23,2024-10-11,10807.84,Cheque
113,24,2024-01-30,46636.36,Especes
114,25,2024-03-26,16367.32,Carte
115,25,2024-09-24,16367.32,Especes
116,26,2024-10-19,1537.39,Cheque
117,26,2024-12-18,1537.39,Cheque
118,26,2025-02-17,1537.39,Virement
119,26,2025-04-19,1537.39,Virement
120,26,2025-06-19,1537.39,Especes
121,26,2025-08-19,1537.39,Carte
122,26,2025-10-19,1537.39,Especes
123,26,2025-12-18,1537.39,Carte
124,26,2026-02-17,1537.39,Carte
125,26,2026-04-19,1537.39,Carte
126,26,2026-06-19,1537.39,Especes
127,26,2026-08-19,1537.39,Virement
128,27,2025-12-12,17509.96,Especes
129,28,2022-09-09,15513.16,Especes
130,28,2022-12-08,15513.16,Cheque
131,29,2022-06-29,78053.67,Especes
132,30,2025-01-31,28066.3,Virement
133,31,2026-06-14,1811.37,Cheque
134,31,2026-07-14,1811.37,Especes
135,31,2026-08-13,1811.37,Especes
136,32,2026-06-07,4354.84,Virement
137,33,2025-06-07,9775.2,Cheque
138,34,2024-12-12,66149.87,Cheque
139,35,2025-08-08,6437.28,Virement
140,35,2025-09-22,6437.28,Especes
141,35,2025-11-06,6437.28,Virement
142,35,2025-12-21,6437.28,Cheque
143,36,2026-04-22,1640.06,Virement
144,36,2026-05-07,1640.06,Especes
145,36,2026-05-22,1640.06,Virement
146,36,2026-06-06,1640.06,Carte
147,36,2026-06-21,1640.06,Especes
148,36,2026-07-06,1640.06,Especes
149,36,2026-07-21,1640.06,Carte
150,36,2026-08-05,1640.06,Especes
151,36,2026-08-20,1640.06,Cheque
152,36,2026-09-04,1640.06,Virement
153,37,2023-09-15,1031.09,Especes
154,37,2023-09-30,1031.09,Cheque
155,37,2023-10-15,1031.09,Carte
156,37,2023-10-30,1031.09,Especes
157,37,2023-11-14,1031.09,Virement
158,37,2023-11-29,1031.09,Virement
159,37,2023-12-14,1031.09,Virement
160,37,2023-12-29,1031.09,Carte
161,37,2024-01-13,1031.09,Virement
162,37,2024-01-28,1031.09,Cheque
163,37,2024-02-12,1031.09,Cheque
164,37,2024-02-27,1031.09,Especes
165,38,2022-06-11,8435.28,Carte
166,38,2022-12-10,8435.28,Cheque
167,39,2025-06-12,3317.5,Cheque
168,39,2025-12-11,3317.5,Cheque
169,39,2026-06-12,3317.5,Especes
170,40,2022-12-17,2071.74,Cheque
171,40,2023-02-15,2071.74,Carte
172,40,2023-04-17,2071.74,Especes
173,40,2023-06-17,2071.74,Especes
174,40,2023-08-17,2071.74,Virement
175,40,2023-10-17,2071.74,Cheque
176,40,2023-12-17,2071.74,Carte
177,40,2024-02-15,2071.74,Virement
178,40,2024-04-16,2071.74,Especes
179,40,2024-06-16,2071.74,Carte
180,40,2024-08-16,2071.74,Especes
181,40,2024-10-16,2071.74,Cheque
182,41,2026-08-18,9327.51,Virement
183,42,2025-08-26,3070.3,Cheque
184,42,2025-09-10,3070.3,Especes
185,42,2025-09-25,3070.3,Virement
186,42,2025-10-10,3070.3,Virement
187,42,2025-10-25,3070.3,Virement
188,42,2025-11-09,3070.3,Virement
189,42,2025-11-24,3070.3,Carte
190,42,2025-12-09,3070.3,Especes
191,42,2025-12-24,3070.3,Carte
192,42,2026-01-08,3070.3,Virement
193,42,2026-01-23,3070.3,Cheque
194,42,2026-02-07,3070.3,Cheque
195,43,2025-07-08,18690.15,Carte
196,43,2026-07-08,18690.15,Carte
197,44,2023-09-02,6094.6,Cheque
198,44,2023-12-02,6094.6,Virement
199,44,2024-03-02,6094.6,Carte
200,44,2024-06-01,6094.6,Carte
201,45,2024-08-09,10102.89,Cheque
202,45,2024-09-23,10102.89,Virement
203,45,2024-11-07,10102.89,Cheque
204,45,2024-12-22,10102.89,Virement
205,46,2026-02-12,44138.09,Carte
206,47,2023-10-16,17995.63,Cheque
207,47,2024-01-14,17995.63,Cheque
208,48,2022-04-14,14385.58,Virement
209,48,2022-07-14,14385.58,Cheque
210,48,2022-10-13,14385.58,Carte
211,48,2023-01-12,14385.58,Cheque
212,49,2026-07-25,2767.61,Especes
213,49,2026-08-24,2767.61,Cheque
214,50,2024-10-17,5151,Carte
215,50,2025-04-17,5151,Carte
216,50,2025-10-17,5151,Carte
217,50,2026-04-17,5151,Carte
218,51,2024-03-16,35575.38,Cheque
219,52,2022-04-14,18635.12,Carte
220,52,2022-10-13,18635.12,Cheque
221,53,2023-08-09,5122.66,Carte
222,53,2024-02-07,5122.66,Virement
223,53,2024-08-08,5122.66,Cheque
224,53,2025-02-06,5122.66,Cheque
225,54,2026-04-14,1900.65,Especes
226,54,2026-05-14,1900.65,Virement
227,54,2026-06-13,1900.65,Carte
228,54,2026-07-14,1900.65,Especes
229,54,2026-08-13,1900.65,Carte
230,55,2024-01-13,7896.12,Cheque
231,55,2025-01-12,7896.12,Carte
232,56,2026-08-18,2817.83,Cheque
233,57,2024-02-04,53469.91,Carte
234,58,2024-10-21,11359.1,Carte
235,58,2025-01-19,11359.1,Virement
236,59,2022-11-02,36793.95,Carte
237,59,2023-11-02,36793.95,Cheque
238,60,2022-11-29,11167.89,Carte
239,60,2023-02-28,11167.89,Carte
240,60,2023-05-30,11167.89,Virement
241,60,2023-08-29,11167.89,Virement
242,61,2024-11-04,14315.94,Carte
243,61,2025-11-04,14315.94,Especes
244,62,2024-01-25,45321.29,Carte
245,63,2025-05-07,26948.87,Especes
246,64,2026-01-17,5938.78,Virement
247,64,2026-03-03,5938.78,Cheque
248,64,2026-04-17,5938.78,Carte
249,64,2026-06-01,5938.78,Virement
250,65,2022-10-30,8632.95,Carte
251,65,2023-04-30,8632.95,Especes
252,65,2023-10-30,8632.95,Cheque
253,65,2024-04-29,8632.95,Virement
254,66,2022-02-08,1372.48,Especes
255,66,2022-03-10,1372.48,Especes
256,66,2022-04-09,1372.48,Virement
257,66,2022-05-10,1372.48,Carte
258,66,2022-06-09,1372.48,Carte
259,66,2022-07-10,1372.48,Virement
260,66,2022-08-09,1372.48,Carte
261,66,2022-09-08,1372.48,Virement
262,66,2022-10-09,1372.48,Virement
263,66,2022-11-08,1372.48,Especes
264,66,2022-12-09,1372.48,Virement
265,66,2023-01-08,1372.48,Virement
266,67,2024-10-24,37615.63,Especes
267,67,2025-10-24,37615.63,Especes
268,68,2025-12-16,19170.37,Cheque
269,68,2026-03-16,19170.37,Carte
270,69,2023-10-05,11894.95,Especes
271,69,2023-11-19,11894.95,Cheque
272,69,2024-01-03,11894.95,Virement
273,69,2024-02-17,11894.95,Cheque
274,70,2025-06-03,1394.1,Carte
275,70,2025-07-03,1394.1,Especes
276,70,2025-08-02,1394.1,Cheque
277,70,2025-09-02,1394.1,Virement
278,70,2025-10-02,1394.1,Virement
279,70,2025-11-02,1394.1,Carte
280,70,2025-12-02,1394.1,Especes
281,70,2026-01-01,1394.1,Virement
282,70,2026-02-01,1394.1,Especes
283,70,2026-03-03,1394.1,Virement
284,70,2026-04-03,1394.1,Cheque
285,70,2026-05-03,1394.1,Virement
286,71,2023-09-02,6758.08,Cheque
287,71,2023-12-02,6758.08,Cheque
288,71,2024-03-02,6758.08,Carte
289,71,2024-06-01,6758.08,Virement
290,72,2023-12-16,76022.02,Especes
291,73,2025-03-20,39443.59,Carte
292,74,2023-08-18,1313.84,Carte
293,74,2023-09-02,1313.84,Especes
294,74,2023-09-17,1313.84,Carte
295,74,2023-10-02,1313.84,Especes
296,74,2023-10-17,1313.84,Especes
297,74,2023-11-01,1313.84,Especes
298,74,2023-11-16,1313.84,Virement
299,74,2023-12-01,1313.84,Virement
300,74,2023-12-16,1313.84,Especes
301,74,2023-12-31,1313.84,Carte
302,74,2024-01-15,1313.84,Carte
303,74,2024-01-30,1313.84,Cheque
304,75,2026-03-11,8744.77,Cheque
305,76,2022-10-09,31548.7,Carte
306,77,2025-07-30,4708.63,Especes
307,77,2025-10-28,4708.63,Cheque
308,78,2025-10-27,15233.17,Especes
309,79,2025-08-30,12161.73,Especes
310,79,2025-11-29,12161.73,Carte
311,79,2026-02-28,12161.73,Carte
312,79,2026-05-30,12161.73,Virement
313,80,2023-08-08,3017.67,Cheque
314,80,2024-02-06,3017.67,Virement
315,80,2024-08-07,3017.67,Especes
316,80,2025-02-05,3017.67,Cheque
317,81,2024-12-31,2293.68,Virement
318,81,2025-03-01,2293.68,Especes
319,81,2025-05-01,2293.68,Carte
320,81,2025-07-01,2293.68,Virement
321,81,2025-08-31,2293.68,Virement
322,81,2025-10-31,2293.68,Virement
323,81,2025-12-31,2293.68,Cheque
324,81,2026-03-01,2293.68,Especes
325,81,2026-05-01,2293.68,Carte
326,81,2026-07-01,2293.68,Especes
327,81,2026-08-31,2293.68,Virement
328,82,2022-12-27,6652.53,Cheque
329,82,2023-01-11,6652.53,Virement
330,82,2023-01-26,6652.53,Cheque
331,82,2023-02-10,6652.53,Especes
332,82,2023-02-25,6652.53,Cheque
333,82,2023-03-12,6652.53,Especes
334,82,2023-03-27,6652.53,Especes
335,82,2023-04-11,6652.53,Cheque
336,82,2023-04-26,6652.53,Virement
337,82,2023-05-11,6652.53,Especes
338,82,2023-05-26,6652.53,Carte
339,82,2023-06-10,6652.53,Especes
340,83,2022-03-18,1703.64,Especes
341,83,2022-04-02,1703.64,Carte
342,83,2022-04-17,1703.64,Carte
343,83,2022-05-02,1703.64,Carte
344,83,2022-05-17,1703.64,Virement
345,83,2022-06-01,1703.64,Carte
346,83,2022-06-16,1703.64,Virement
347,83,2022-07-01,1703.64,Carte
348,83,2022-07-16,1703.64,Carte
349,83,2022-07-31,1703.64,Especes
350,83,2022-08-15,1703.64,Cheque
351,83,2022-08-30,1703.64,Carte
352,84,2024-07-19,2417.96,Virement
353,84,2024-09-17,2417.96,Cheque
354,84,2024-11-17,2417.96,Cheque
355,84,2025-01-17,2417.96,Carte
356,84,2025-03-19,2417.96,Cheque
357,84,2025-05-19,2417.96,Carte
358,84,2025-07-19,2417.96,Virement
359,84,2025-09-17,2417.96,Carte
360,84,2025-11-17,2417.96,Cheque
361,84,2026-01-17,2417.96,Especes
362,84,2026-03-19,2417.96,Virement
363,84,2026-05-19,2417.96,Carte
364,85,2023-07-13,5710.74,Virement
365,85,2023-07-28,5710.74,Virement
366,85,2023-08-12,5710.74,Virement
367,85,2023-08-27,5710.74,Carte
368,85,2023-09-11,5710.74,Especes
369,85,2023-09-26,5710.74,Virement
370,85,2023-10-11,5710.74,Especes
371,85,2023-10-26,5710.74,Carte
372,85,2023-11-10,5710.74,Cheque
373,85,2023-11-25,5710.74,Cheque
374,85,2023-12-10,5710.74,Cheque
375,85,2023-12-25,5710.74,Virement
376,86,2026-01-11,2623.24,Carte
377,86,2026-02-25,2623.24,Especes
378,86,2026-04-11,2623.24,Virement
379,86,2026-05-26,2623.24,Carte
380,87,2022-12-26,7778.99,Especes
381,87,2023-06-26,7778.99,Cheque
382,87,2023-12-26,7778.99,Especes
383,87,2024-06-25,7778.99,Especes
384,88,2022-06-27,16711.97,Carte
385,88,2022-12-26,16711.97,Cheque
386,89,2023-05-24,9563.74,Especes
387,89,2023-08-22,9563.74,Carte
388,90,2023-09-11,2941.74,Cheque
389,90,2023-11-10,2941.74,Carte
390,90,2024-01-10,2941.74,Especes
391,90,2024-03-11,2941.74,Carte
392,90,2024-05-11,2941.74,Cheque
393,90,2024-07-11,2941.74,Especes
394,90,2024-09-10,2941.74,Especes
395,90,2024-11-09,2941.74,Especes
396,90,2025-01-09,2941.74,Carte
397,90,2025-03-11,2941.74,Carte
398,90,2025-05-11,2941.74,Especes
399,90,2025-07-11,2941.74,Virement
400,91,2022-05-08,932.67,Especes
401,91,2022-07-07,932.67,Carte
402,91,2022-09-06,932.67,Carte
403,91,2022-11-06,932.67,Cheque
404,91,2023-01-06,932.67,Cheque
405,91,2023-03-08,932.67,Virement
406,91,2023-05-08,932.67,Carte
407,91,2023-07-07,932.67,Virement
408,91,2023-09-06,932.67,Cheque
409,91,2023-11-06,932.67,Carte
410,91,2024-01-06,932.67,Cheque
411,91,2024-03-07,932.67,Carte
412,92,2025-11-14,16177.45,Especes
413,92,2026-02-12,16177.45,Virement
414,93,2023-03-25,1742.58,Cheque
415,93,2023-04-09,1742.58,Especes
416,93,2023-04-24,1742.58,Especes
417,93,2023-05-09,1742.58,Especes
418,93,2023-05-24,1742.58,Cheque
419,93,2023-06-08,1742.58,Virement
420,93,2023-06-23,1742.58,Especes
421,93,2023-07-08,1742.58,Carte
422,93,2023-07-23,1742.58,Cheque
423,93,2023-08-07,1742.58,Cheque
424,93,2023-08-22,1742.58,Virement
425,93,2023-09-06,1742.58,Virement
426,94,2025-12-08,18691.95,Cheque
427,94,2026-06-08,18691.95,Carte
428,95,2026-04-10,6592.31,Virement
429,95,2026-05-25,6592.31,Carte
430,95,2026-07-09,6592.31,Virement
431,95,2026-08-23,6592.31,Especes
432,96,2024-12-17,41707.09,Virement
433,97,2025-03-18,1003.83,Cheque
434,97,2025-05-17,1003.83,Especes
435,97,2025-07-17,1003.83,Carte
436,97,2025-09-16,1003.83,Virement
437,97,2025-11-16,1003.83,Virement
438,97,2026-01-16,1003.83,Cheque
439,97,2026-03-18,1003.83,Especes
440,97,2026-05-17,1003.83,Carte
441,97,2026-07-17,1003.83,Cheque
442,98,2025-10-25,3938.44,Cheque
443,98,2025-11-09,3938.44,Virement
444,98,2025-11-24,3938.44,Especes
445,98,2025-12-09,3938.44,Cheque
446,98,2025-12-24,3938.44,Cheque
447,98,2026-01-08,3938.44,Virement
448,98,2026-01-23,3938.44,Carte
449,98,2026-02-07,3938.44,Carte
450,98,2026-02-22,3938.44,Carte
451,98,2026-03-09,3938.44,Virement
452,98,2026-03-24,3938.44,Virement
453,98,2026-04-08,3938.44,Especes
454,99,2026-07-15,47205.94,Virement
455,100,2025-02-18,45274.55,Especes
456,101,2026-07-31,3008.6,Carte
457,101,2026-08-15,3008.6,Cheque
458,101,2026-08-30,3008.6,Cheque
459,102,2025-12-05,7235.18,Especes
460,102,2026-01-19,7235.18,Cheque
461,102,2026-03-05,7235.18,Carte
462,102,2026-04-19,7235.18,Cheque
463,103,2022-03-06,22266.01,Virement
464,103,2022-09-04,22266.01,Virement
465,104,2024-02-06,23456.12,Especes
466,104,2024-08-06,23456.12,Carte
467,105,2025-10-30,13588.73,Virement
468,105,2026-04-30,13588.73,Cheque
469,106,2023-01-01,16343.82,Cheque
470,106,2024-01-01,16343.82,Carte
471,107,2023-09-04,22653.74,Virement
472,107,2024-03-04,22653.74,Virement
473,108,2023-05-22,8673.16,Carte
474,108,2023-11-20,8673.16,Virement
475,109,2022-03-07,2822.15,Carte
476,109,2022-05-06,2822.15,Especes
477,109,2022-07-06,2822.15,Virement
478,109,2022-09-05,2822.15,Virement
479,109,2022-11-05,2822.15,Cheque
480,109,2023-01-05,2822.15,Carte
481,109,2023-03-07,2822.15,Virement
482,109,2023-05-06,2822.15,Carte
483,109,2023-07-06,2822.15,Carte
484,109,2023-09-05,2822.15,Cheque
485,109,2023-11-05,2822.15,Cheque
486,109,2024-01-05,2822.15,Especes
487,110,2023-02-27,5362.1,Virement
488,110,2023-05-28,5362.1,Especes
489,111,2023-05-17,1415.89,Cheque
490,111,2023-07-16,1415.89,Carte
491,111,2023-09-15,1415.89,Cheque
492,111,2023-11-15,1415.89,Carte
493,111,2024-01-15,1415.89,Especes
494,111,2024-03-16,1415.89,Carte
495,111,2024-05-16,1415.89,Especes
496,111,2024-07-15,1415.89,Especes
497,111,2024-09-14,1415.89,Especes
498,111,2024-11-14,1415.89,Especes
499,111,2025-01-14,1415.89,Cheque
500,111,2025-03-16,1415.89,Virement
501,112,2022-10-14,14926.69,Carte
502,112,2023-04-14,14926.69,Virement
503,112,2023-10-14,14926.69,Carte
504,112,2024-04-13,14926.69,Carte
505,113,2025-03-28,37038.84,Especes
506,114,2025-09-14,6984.07,Especes
507,115,2025-07-06,1627.87,Especes
508,115,2025-09-04,1627.87,Carte
509,115,2025-11-04,1627.87,Cheque
510,115,2026-01-04,1627.87,Virement
511,115,2026-03-06,1627.87,Especes
512,115,2026-05-06,1627.87,Cheque
513,115,2026-07-06,1627.87,Especes
514,115,2026-09-04,1627.87,Especes
515,116,2026-05-29,9781.02,Carte
516,117,2023-01-12,48411.13,Carte
517,118,2026-07-09,16349,Especes
518,119,2024-03-06,3721.22,Especes
519,119,2024-04-20,3721.22,Especes
520,119,2024-06-04,3721.22,Virement
521,119,2024-07-19,3721.22,Especes
522,120,2022-07-09,17680.23,Cheque
523,120,2023-07-09,17680.23,Carte
524,121,2022-05-30,51209.28,Virement
525,122,2024-09-08,31475.79,Carte
526,123,2023-01-25,5583.77,Virement
527,123,2024-01-25,5583.77,Cheque
528,124,2024-03-23,22906.14,Carte
529,125,2023-09-24,5646.89,Especes
530,125,2023-12-24,5646.89,Cheque
531,125,2024-03-24,5646.89,Virement
532,125,2024-06-23,5646.89,Virement
533,126,2026-04-09,74859.83,Virement
534,127,2026-02-27,4218.97,Cheque
535,127,2026-05-28,4218.97,Especes
536,128,2023-08-28,7942.88,Especes
537,128,2023-10-12,7942.88,Cheque
538,128,2023-11-26,7942.88,Carte
539,128,2024-01-10,7942.88,Cheque
540,129,2025-02-01,76607.87,Cheque
541,130,2024-08-01,5330.53,Carte
542,130,2024-08-16,5330.53,Virement
543,130,2024-08-31,5330.53,Especes
544,130,2024-09-15,5330.53,Virement
545,130,2024-09-30,5330.53,Especes
546,130,2024-10-15,5330.53,Carte
547,130,2024-10-30,5330.53,Carte
548,130,2024-11-14,5330.53,Virement
549,130,2024-11-29,5330.53,Cheque
550,130,2024-12-14,5330.53,Cheque
551,130,2024-12-29,5330.53,Carte
552,130,2025-01-13,5330.53,Virement
553,131,2023-01-12,6618.28,Cheque
554,131,2023-03-13,6618.28,Cheque
555,131,2023-05-13,6618.28,Cheque
556,131,2023-07-13,6618.28,Especes
557,131,2023-09-12,6618.28,Virement
558,131,2023-11-12,6618.28,Virement
559,131,2024-01-12,6618.28,Carte
560,131,2024-03-12,6618.28,Virement
561,131,2024-05-12,6618.28,Virement
562,131,2024-07-12,6618.28,Carte
563,131,2024-09-11,6618.28,Cheque
564,131,2024-11-11,6618.28,Especes
565,132,2026-08-03,4295.79,Virement
566,133,2022-05-20,3019.45,Especes
567,133,2022-11-18,3019.45,Carte
568,133,2023-05-20,3019.45,Virement
569,133,2023-11-18,3019.45,Virement
570,134,2025-06-19,45003.96,Virement
571,135,2022-02-02,12983.19,Carte
572,135,2022-03-19,12983.19,Virement
573,135,2022-05-03,12983.19,Especes
574,135,2022-06-17,12983.19,Virement
575,136,2025-01-02,2650,Carte
576,136,2025-04-03,2650,Virement
577,136,2025-07-03,2650,Virement
578,136,2025-10-02,2650,Carte
579,137,2022-08-08,22158.41,Especes
580,138,2026-07-28,4839.09,Especes
581,139,2025-03-03,79413.98,Especes
582,140,2022-07-11,16033.44,Cheque
583,140,2023-01-09,16033.44,Especes
584,141,2025-12-10,4680.22,Carte
585,141,2026-01-24,4680.22,Carte
586,141,2026-03-10,4680.22,Especes
587,141,2026-04-24,4680.22,Virement
588,142,2024-12-17,6334.87,Virement
589,142,2025-01-31,6334.87,Especes
590,142,2025-03-17,6334.87,Carte
591,142,2025-05-01,6334.87,Carte
592,143,2023-07-10,6287.46,Especes
593,143,2023-07-25,6287.46,Virement
594,143,2023-08-09,6287.46,Cheque
595,143,2023-08-24,6287.46,Virement
596,143,2023-09-08,6287.46,Especes
597,143,2023-09-23,6287.46,Especes
598,143,2023-10-08,6287.46,Virement
599,143,2023-10-23,6287.46,Cheque
600,143,2023-11-07,6287.46,Virement
601,143,2023-11-22,6287.46,Cheque
602,143,2023-12-07,6287.46,Virement
603,143,2023-12-22,6287.46,Cheque
604,144,2023-01-03,3926.15,Virement
605,144,2023-04-04,3926.15,Cheque
606,144,2023-07-04,3926.15,Carte
607,144,2023-10-03,3926.15,Cheque
608,145,2022-06-07,14873.51,Cheque
609,145,2022-12-06,14873.51,Virement
610,146,2024-02-26,7449.14,Virement
611,146,2025-02-25,7449.14,Cheque
612,147,2022-04-20,12649.05,Especes
613,147,2022-07-19,12649.05,Carte
614,148,2026-05-04,5444.39,Virement
615,148,2026-08-03,5444.39,Virement
616,149,2023-12-30,2784.24,Virement
617,149,2024-02-28,2784.24,Carte
618,149,2024-04-29,2784.24,Virement
619,149,2024-06-29,2784.24,Carte
620,149,2024-08-29,2784.24,Cheque
621,149,2024-10-29,2784.24,Virement
622,149,2024-12-29,2784.24,Cheque
623,149,2025-02-27,2784.24,Cheque
624,149,2025-04-29,2784.24,Carte
625,149,2025-06-29,2784.24,Virement
626,149,2025-08-29,2784.24,Carte
627,149,2025-10-29,2784.24,Carte
628,150,2022-06-25,3143.56,Cheque
629,150,2022-08-24,3143.56,Carte
630,150,2022-10-24,3143.56,Carte
631,150,2022-12-24,3143.56,Carte
632,150,2023-02-23,3143.56,Carte
633,150,2023-04-25,3143.56,Virement
634,150,2023-06-25,3143.56,Virement
635,150,2023-08-24,3143.56,Carte
636,150,2023-10-24,3143.56,Especes
637,150,2023-12-24,3143.56,Virement
638,150,2024-02-23,3143.56,Carte
639,150,2024-04-24,3143.56,Carte
640,151,2022-11-12,34908.7,Especes
641,152,2024-01-09,13203.22,Virement
642,153,2022-07-29,6527.7,Cheque
643,153,2022-10-27,6527.7,Cheque
644,154,2022-07-31,12688.57,Especes
645,154,2022-10-29,12688.57,Especes
646,155,2024-02-28,1684.56,Virement
647,155,2024-03-14,1684.56,Virement
648,155,2024-03-29,1684.56,Carte
649,155,2024-04-13,1684.56,Especes
650,155,2024-04-28,1684.56,Carte
651,155,2024-05-13,1684.56,Carte
652,155,2024-05-28,1684.56,Carte
653,155,2024-06-12,1684.56,Carte
654,155,2024-06-27,1684.56,Especes
655,155,2024-07-12,1684.56,Carte
656,155,2024-07-27,1684.56,Cheque
657,155,2024-08-11,1684.56,Virement
658,156,2025-03-17,12578.74,Virement
659,157,2023-07-04,15107.72,Virement
660,158,2024-09-18,1886.61,Cheque
661,158,2024-10-03,1886.61,Virement
662,158,2024-10-18,1886.61,Especes
663,158,2024-11-02,1886.61,Especes
664,158,2024-11-17,1886.61,Virement
665,158,2024-12-02,1886.61,Cheque
666,158,2024-12-17,1886.61,Carte
667,158,2025-01-01,1886.61,Cheque
668,158,2025-01-16,1886.61,Virement
669,158,2025-01-31,1886.61,Carte
670,158,2025-02-15,1886.61,Virement
671,158,2025-03-02,1886.61,Carte
672,159,2025-05-01,7933.22,Especes
673,159,2025-10-30,7933.22,Carte
674,159,2026-05-01,7933.22,Especes
675,160,2023-11-12,42793.4,Especes
676,161,2026-07-29,78453.52,Carte
677,162,2024-09-08,6398.1,Virement
678,162,2025-03-09,6398.1,Cheque
679,163,2025-03-25,9888.29,Virement
680,163,2025-05-09,9888.29,Cheque
681,163,2025-06-23,9888.29,Virement
682,163,2025-08-07,9888.29,Especes
683,164,2022-08-22,4248.25,Especes
684,164,2023-02-20,4248.25,Carte
685,164,2023-08-22,4248.25,Especes
686,164,2024-02-20,4248.25,Cheque
687,165,2026-01-29,14358.47,Especes
688,165,2026-04-30,14358.47,Carte
689,165,2026-07-30,14358.47,Carte
690,166,2026-08-05,22641.99,Virement
691,167,2025-09-10,8758.32,Virement
692,167,2025-10-25,8758.32,Cheque
693,167,2025-12-09,8758.32,Cheque
694,167,2026-01-23,8758.32,Cheque
695,168,2025-04-07,52062.04,Carte
696,169,2025-01-18,5620.27,Especes
697,169,2025-02-02,5620.27,Virement
698,169,2025-02-17,5620.27,Carte
699,169,2025-03-04,5620.27,Especes
700,169,2025-03-19,5620.27,Virement
701,169,2025-04-03,5620.27,Virement
702,169,2025-04-18,5620.27,Cheque
703,169,2025-05-03,5620.27,Especes
704,169,2025-05-18,5620.27,Especes
705,169,2025-06-02,5620.27,Cheque
706,169,2025-06-17,5620.27,Cheque
707,169,2025-07-02,5620.27,Cheque
708,170,2022-08-12,3716.01,Especes
709,170,2022-08-27,3716.01,Virement
710,170,2022-09-11,3716.01,Virement
711,170,2022-09-26,3716.01,Cheque
712,170,2022-10-11,3716.01,Cheque
713,170,2022-10-26,3716.01,Cheque
714,170,2022-11-10,3716.01,Cheque
715,170,2022-11-25,3716.01,Virement
716,170,2022-12-10,3716.01,Cheque
717,170,2022-12-25,3716.01,Carte
718,170,2023-01-09,3716.01,Cheque
719,170,2023-01-24,3716.01,Virement
720,171,2025-02-27,45486.24,Virement
721,172,2022-08-05,6479.1,Carte
722,172,2022-09-19,6479.1,Virement
723,172,2022-11-03,6479.1,Carte
724,172,2022-12-18,6479.1,Especes
725,173,2024-07-01,1546.72,Virement
726,173,2024-07-31,1546.72,Carte
727,173,2024-08-30,1546.72,Carte
728,173,2024-09-30,1546.72,Especes
729,173,2024-10-30,1546.72,Especes
730,173,2024-11-30,1546.72,Virement
731,173,2024-12-30,1546.72,Especes
732,173,2025-01-29,1546.72,Cheque
733,173,2025-03-01,1546.72,Virement
734,173,2025-03-31,1546.72,Cheque
735,173,2025-05-01,1546.72,Virement
736,173,2025-05-31,1546.72,Virement
737,174,2023-12-08,10517.41,Carte
738,174,2024-03-07,10517.41,Virement
739,175,2026-08-30,21375.38,Virement
740,176,2023-12-15,2154.78,Carte
741,176,2024-01-14,2154.78,Cheque
742,176,2024-02-13,2154.78,Especes
743,176,2024-03-15,2154.78,Carte
744,176,2024-04-14,2154.78,Carte
745,176,2024-05-15,2154.78,Carte
746,176,2024-06-14,2154.78,Cheque
747,176,2024-07-14,2154.78,Virement
748,176,2024-08-14,2154.78,Carte
749,176,2024-09-13,2154.78,Virement
750,176,2024-10-14,2154.78,Especes
751,176,2024-11-13,2154.78,Virement
752,177,2023-09-07,51458.37,Virement
753,178,2025-10-18,56846.51,Carte
754,179,2023-11-09,1626,Virement
755,179,2024-01-08,1626,Virement
756,179,2024-03-09,1626,Cheque
757,179,2024-05-09,1626,Virement
758,179,2024-07-09,1626,Especes
759,179,2024-09-08,1626,Cheque
760,179,2024-11-08,1626,Cheque
761,179,2025-01-07,1626,Especes
762,179,2025-03-09,1626,Cheque
763,179,2025-05-09,1626,Carte
764,179,2025-07-09,1626,Especes
765,179,2025-09-08,1626,Carte
766,180,2023-01-17,12873.66,Carte
767,180,2024-01-17,12873.66,Carte
768,181,2024-07-09,9798.97,Virement
769,181,2025-07-09,9798.97,Carte
770,182,2026-03-21,3192.13,Cheque
771,182,2026-05-20,3192.13,Cheque
772,182,2026-07-20,3192.13,Especes
773,183,2024-01-20,3330.25,Virement
774,183,2024-04-20,3330.25,Cheque
775,183,2024-07-20,3330.25,Virement
776,183,2024-10-19,3330.25,Especes
777,184,2025-05-07,31395.79,Cheque
778,185,2025-06-18,34412.15,Virement
779,185,2025-09-16,34412.15,Cheque
780,186,2025-10-08,29093.36,Virement
781,187,2025-11-21,2323.24,Virement
782,187,2025-12-06,2323.24,Carte
783,187,2025-12-21,2323.24,Cheque
784,187,2026-01-05,2323.24,Cheque
785,187,2026-01-20,2323.24,Especes
786,187,2026-02-04,2323.24,Cheque
787,187,2026-02-19,2323.24,Cheque
788,187,2026-03-06,2323.24,Virement
789,187,2026-03-21,2323.24,Carte
790,187,2026-04-05,2323.24,Especes
791,187,2026-04-20,2323.24,Cheque
792,187,2026-05-05,2323.24,Virement
793,188,2024-05-16,12300.05,Carte
794,188,2024-06-30,12300.05,Carte
795,188,2024-08-14,12300.05,Carte
796,188,2024-09-28,12300.05,Especes
797,189,2025-02-10,5305.08,Carte
798,189,2025-03-27,5305.08,Virement
799,189,2025-05-11,5305.08,Especes
800,189,2025-06-25,5305.08,Virement
801,190,2024-01-06,36807.4,Carte
802,191,2024-04-17,24751.78,Carte
803,191,2025-04-17,24751.78,Especes
804,192,2022-06-19,4416.62,Virement
805,192,2023-06-19,4416.62,Carte
806,193,2023-04-06,10051.73,Especes
807,193,2024-04-05,10051.73,Carte
808,194,2025-01-30,26792.66,Cheque
809,195,2025-01-15,36600.14,Carte
810,196,2026-02-16,12202.64,Carte
811,196,2026-08-17,12202.64,Especes
812,197,2023-12-15,25367.45,Especes
813,198,2026-07-19,5968.49,Cheque
814,199,2022-12-06,14177.05,Especes
815,199,2023-12-06,14177.05,Cheque
816,200,2024-12-26,7722.51,Virement
817,200,2025-03-27,7722.51,Carte
818,200,2025-06-26,7722.51,Especes
819,200,2025-09-25,7722.51,Cheque
820,201,2025-03-18,43333.91,Virement
821,202,2022-10-05,56344.59,Cheque
822,203,2025-12-07,1228.44,Carte
823,203,2025-12-22,1228.44,Especes
824,203,2026-01-06,1228.44,Virement
825,203,2026-01-21,1228.44,Virement
826,203,2026-02-05,1228.44,Cheque
827,203,2026-02-20,1228.44,Carte
828,203,2026-03-07,1228.44,Carte
829,203,2026-03-22,1228.44,Virement
830,203,2026-04-06,1228.44,Virement
831,203,2026-04-21,1228.44,Virement
832,203,2026-05-06,1228.44,Virement
833,203,2026-05-21,1228.44,Especes
834,204,2024-09-29,4553.79,Virement
835,204,2024-10-14,4553.79,Especes
836,204,2024-10-29,4553.79,Especes
837,204,2024-11-13,4553.79,Especes
838,204,2024-11-28,4553.79,Cheque
839,204,2024-12-13,4553.79,Carte
840,204,2024-12-28,4553.79,Cheque
841,204,2025-01-12,4553.79,Virement
842,204,2025-01-27,4553.79,Virement
843,204,2025-02-11,4553.79,Carte
844,204,2025-02-26,4553.79,Virement
845,204,2025-03-13,4553.79,Cheque
846,205,2022-06-04,67675.92,Carte
847,206,2025-11-23,12957.17,Especes
848,206,2026-05-24,12957.17,Carte
849,207,2026-02-05,3630.65,Carte
850,207,2026-03-07,3630.65,Cheque
851,207,2026-04-06,3630.65,Especes
852,207,2026-05-07,3630.65,Virement
853,207,2026-06-06,3630.65,Especes
854,207,2026-07-07,3630.65,Virement
855,207,2026-08-06,3630.65,Carte
856,207,2026-09-05,3630.65,Especes
857,208,2023-03-23,17372.72,Especes
858,208,2023-06-22,17372.72,Carte
859,208,2023-09-21,17372.72,Carte
860,208,2023-12-21,17372.72,Virement
861,209,2025-01-25,1214.23,Especes
862,209,2025-03-26,1214.23,Cheque
863,209,2025-05-26,1214.23,Especes
864,209,2025-07-26,1214.23,Cheque
865,209,2025-09-25,1214.23,Virement
866,209,2025-11-25,1214.23,Carte
867,209,2026-01-25,1214.23,Cheque
868,209,2026-03-26,1214.23,Carte
869,209,2026-05-26,1214.23,Especes
870,209,2026-07-26,1214.23,Especes
871,210,2022-04-05,3598.17,Cheque
872,210,2022-04-20,3598.17,Virement
873,210,2022-05-05,3598.17,Cheque
874,210,2022-05-20,3598.17,Especes
875,210,2022-06-04,3598.17,Especes
876,210,2022-06-19,3598.17,Especes
877,210,2022-07-04,3598.17,Carte
878,210,2022-07-19,3598.17,Cheque
879,210,2022-08-03,3598.17,Cheque
880,210,2022-08-18,3598.17,Especes
881,210,2022-09-02,3598.17,Carte
882,210,2022-09-17,3598.17,Carte
883,211,2024-06-22,4009.12,Carte
884,211,2024-12-21,4009.12,Virement
885,212,2025-08-24,12292.39,Especes
886,213,2023-05-28,1917.88,Virement
887,213,2023-06-12,1917.88,Cheque
888,213,2023-06-27,1917.88,Carte
889,213,2023-07-12,1917.88,Virement
890,213,2023-07-27,1917.88,Cheque
891,213,2023-08-11,1917.88,Cheque
892,213,2023-08-26,1917.88,Carte
893,213,2023-09-10,1917.88,Especes
894,213,2023-09-25,1917.88,Cheque
895,213,2023-10-10,1917.88,Cheque
896,213,2023-10-25,1917.88,Cheque
897,213,2023-11-09,1917.88,Carte
898,214,2025-07-05,63559.3,Virement
899,215,2025-12-12,15048.88,Cheque
900,216,2024-11-29,1668.07,Virement
901,216,2025-01-28,1668.07,Cheque
902,216,2025-03-30,1668.07,Especes
903,216,2025-05-30,1668.07,Carte
904,216,2025-07-30,1668.07,Especes
905,216,2025-09-29,1668.07,Especes
906,216,2025-11-29,1668.07,Cheque
907,216,2026-01-28,1668.07,Virement
908,216,2026-03-30,1668.07,Cheque
909,216,2026-05-30,1668.07,Carte
910,216,2026-07-30,1668.07,Especes
911,217,2025-11-22,4055.17,Carte
912,217,2025-12-07,4055.17,Virement
913,217,2025-12-22,4055.17,Cheque
914,217,2026-01-06,4055.17,Virement
915,217,2026-01-21,4055.17,Virement
916,217,2026-02-05,4055.17,Especes
917,217,2026-02-20,4055.17,Carte
918,217,2026-03-07,4055.17,Cheque
919,217,2026-03-22,4055.17,Carte
920,217,2026-04-06,4055.17,Especes
921,217,2026-04-21,4055.17,Cheque
922,217,2026-05-06,4055.17,Cheque
923,218,2022-07-31,15770.14,Carte
924,218,2023-01-29,15770.14,Virement
925,219,2025-08-06,11857.03,Cheque
926,220,2024-06-20,6876.41,Especes
927,220,2024-09-19,6876.41,Virement
928,220,2024-12-19,6876.41,Carte
929,220,2025-03-20,6876.41,Virement
930,221,2023-03-21,73795.58,Especes
931,222,2023-12-21,3239.18,Carte
932,222,2024-01-20,3239.18,Especes
933,222,2024-02-19,3239.18,Cheque
934,222,2024-03-21,3239.18,Cheque
935,222,2024-04-20,3239.18,Virement
936,222,2024-05-21,3239.18,Especes
937,222,2024-06-20,3239.18,Virement
938,222,2024-07-20,3239.18,Carte
939,222,2024-08-20,3239.18,Carte
940,222,2024-09-19,3239.18,Cheque
941,222,2024-10-20,3239.18,Especes
942,222,2024-11-19,3239.18,Especes
943,223,2023-05-24,21022.48,Virement
944,223,2024-05-23,21022.48,Especes
945,224,2025-09-10,2020.42,Cheque
946,224,2025-10-10,2020.42,Cheque
947,224,2025-11-09,2020.42,Virement
948,224,2025-12-10,2020.42,Cheque
949,224,2026-01-09,2020.42,Especes
950,224,2026-02-09,2020.42,Cheque
951,224,2026-03-11,2020.42,Carte
952,224,2026-04-10,2020.42,Virement
953,224,2026-05-11,2020.42,Carte
954,224,2026-06-10,2020.42,Virement
955,224,2026-07-11,2020.42,Especes
956,224,2026-08-10,2020.42,Especes
957,225,2023-08-29,23274.15,Virement
958,226,2024-03-01,2872.08,Virement
959,226,2024-03-16,2872.08,Cheque
960,226,2024-03-31,2872.08,Especes
961,226,2024-04-15,2872.08,Carte
962,226,2024-04-30,2872.08,Cheque
963,226,2024-05-15,2872.08,Especes
964,226,2024-05-30,2872.08,Carte
965,226,2024-06-14,2872.08,Cheque
966,226,2024-06-29,2872.08,Virement
967,226,2024-07-14,2872.08,Cheque
968,226,2024-07-29,2872.08,Carte
969,226,2024-08-13,2872.08,Carte
970,227,2024-01-10,10469.61,Virement
971,227,2024-07-10,10469.61,Cheque
972,228,2025-01-23,8023.48,Cheque
973,228,2026-01-23,8023.48,Virement
974,229,2025-04-17,3905.18,Virement
975,229,2025-06-01,3905.18,Virement
976,229,2025-07-16,3905.18,Carte
977,229,2025-08-30,3905.18,Especes
978,230,2024-11-03,14428.56,Carte
979,230,2025-02-02,14428.56,Especes
980,230,2025-05-04,14428.56,Especes
981,230,2025-08-03,14428.56,Carte
982,231,2022-06-18,4349.49,Cheque
983,231,2022-08-17,4349.49,Cheque
984,231,2022-10-17,4349.49,Cheque
985,231,2022-12-17,4349.49,Especes
986,231,2023-02-16,4349.49,Especes
987,231,2023-04-18,4349.49,Cheque
988,231,2023-06-18,4349.49,Especes
989,231,2023-08-17,4349.49,Carte
990,231,2023-10-17,4349.49,Virement
991,231,2023-12-17,4349.49,Cheque
992,231,2024-02-16,4349.49,Cheque
993,231,2024-04-17,4349.49,Especes
994,232,2022-06-11,21116.19,Virement
995,232,2023-06-11,21116.19,Cheque
996,233,2024-03-11,2683.36,Especes
997,233,2024-05-10,2683.36,Cheque
998,233,2024-07-10,2683.36,Especes
999,233,2024-09-09,2683.36,Carte
1000,233,2024-11-09,2683.36,Carte
1001,233,2025-01-09,2683.36,Carte
1002,233,2025-03-11,2683.36,Carte
1003,233,2025-05-10,2683.36,Carte
1004,233,2025-07-10,2683.36,Cheque
1005,233,2025-09-09,2683.36,Carte
1006,233,2025-11-09,2683.36,Cheque
1007,233,2026-01-09,2683.36,Carte
1008,234,2023-09-28,2890.57,Carte
1009,234,2023-11-27,2890.57,Especes
1010,234,2024-01-27,2890.57,Cheque
1011,234,2024-03-28,2890.57,Virement
1012,234,2024-05-28,2890.57,Virement
1013,234,2024-07-28,2890.57,Cheque
1014,234,2024-09-27,2890.57,Cheque
1015,234,2024-11-26,2890.57,Carte
1016,234,2025-01-26,2890.57,Virement
1017,234,2025-03-28,2890.57,Cheque
1018,234,2025-05-28,2890.57,Carte
1019,234,2025-07-28,2890.57,Especes
1020,235,2022-06-26,927.64,Cheque
1021,235,2022-07-26,927.64,Cheque
1022,235,2022-08-25,927.64,Carte
1023,235,2022-09-25,927.64,Especes
1024,235,2022-10-25,927.64,Virement
1025,235,2022-11-25,927.64,Especes
1026,235,2022-12-25,927.64,Especes
1027,235,2023-01-24,927.64,Especes
1028,235,2023-02-24,927.64,Especes
1029,235,2023-03-26,927.64,Cheque
1030,235,2023-04-26,927.64,Virement
1031,235,2023-05-26,927.64,Carte
1032,236,2022-09-02,2259.44,Carte
1033,236,2022-09-17,2259.44,Carte
1034,236,2022-10-02,2259.44,Carte
1035,236,2022-10-17,2259.44,Virement
1036,236,2022-11-01,2259.44,Especes
1037,236,2022-11-16,2259.44,Especes
1038,236,2022-12-01,2259.44,Especes
1039,236,2022-12-16,2259.44,Virement
1040,236,2022-12-31,2259.44,Cheque
1041,236,2023-01-15,2259.44,Virement
1042,236,2023-01-30,2259.44,Cheque
1043,236,2023-02-14,2259.44,Virement
1044,237,2024-12-07,3117.05,Carte
1045,237,2025-02-05,3117.05,Cheque
1046,237,2025-04-07,3117.05,Virement
1047,237,2025-06-07,3117.05,Cheque
1048,237,2025-08-07,3117.05,Virement
1049,237,2025-10-07,3117.05,Cheque
1050,237,2025-12-07,3117.05,Especes
1051,237,2026-02-05,3117.05,Virement
1052,237,2026-04-07,3117.05,Cheque
1053,237,2026-06-07,3117.05,Virement
1054,237,2026-08-07,3117.05,Carte
1055,238,2026-03-16,13894.64,Carte
1056,239,2026-07-11,1626.61,Especes
1057,239,2026-08-10,1626.61,Virement
1058,240,2024-10-13,9496.3,Virement
1059,240,2025-01-12,9496.3,Carte
1060,240,2025-04-13,9496.3,Carte
1061,240,2025-07-13,9496.3,Carte
1062,241,2024-01-24,1240.68,Carte
1063,241,2024-02-08,1240.68,Virement
1064,241,2024-02-23,1240.68,Carte
1065,241,2024-03-09,1240.68,Carte
1066,241,2024-03-24,1240.68,Cheque
1067,241,2024-04-08,1240.68,Carte
1068,241,2024-04-23,1240.68,Virement
1069,241,2024-05-08,1240.68,Cheque
1070,241,2024-05-23,1240.68,Especes
1071,241,2024-06-07,1240.68,Virement
1072,241,2024-06-22,1240.68,Virement
1073,241,2024-07-07,1240.68,Virement
1074,242,2023-04-13,9474.28,Virement
1075,242,2023-10-12,9474.28,Virement
1076,242,2024-04-12,9474.28,Cheque
1077,242,2024-10-11,9474.28,Especes
1078,243,2022-04-05,17827.37,Especes
1079,244,2023-04-05,34895.79,Virement
1080,245,2025-03-16,20373.04,Carte
1081,246,2026-07-06,34498.17,Cheque
1082,247,2026-05-04,21455.53,Carte
1083,248,2023-08-21,14590.84,Especes
1084,248,2024-08-20,14590.84,Especes
1085,249,2025-04-26,22461.28,Carte
1086,249,2025-10-25,22461.28,Carte
1087,250,2022-11-05,2764.56,Especes
1088,250,2022-11-20,2764.56,Virement
1089,250,2022-12-05,2764.56,Cheque
1090,250,2022-12-20,2764.56,Carte
1091,250,2023-01-04,2764.56,Cheque
1092,250,2023-01-19,2764.56,Carte
1093,250,2023-02-03,2764.56,Cheque
1094,250,2023-02-18,2764.56,Carte
1095,250,2023-03-05,2764.56,Cheque
1096,250,2023-03-20,2764.56,Carte
1097,250,2023-04-04,2764.56,Virement
1098,250,2023-04-19,2764.56,Cheque
1099,251,2023-11-18,4095.98,Especes
1100,251,2023-12-03,4095.98,Cheque
1101,251,2023-12-18,4095.98,Virement
1102,251,2024-01-02,4095.98,Virement
1103,251,2024-01-17,4095.98,Especes
1104,251,2024-02-01,4095.98,Carte
1105,251,2024-02-16,4095.98,Virement
1106,251,2024-03-02,4095.98,Carte
1107,251,2024-03-17,4095.98,Carte
1108,251,2024-04-01,4095.98,Especes
1109,251,2024-04-16,4095.98,Especes
1110,251,2024-05-01,4095.98,Cheque
1111,252,2022-08-01,28543.51,Virement
1112,253,2025-12-28,2627.93,Carte
1113,253,2026-03-29,2627.93,Virement
1114,253,2026-06-28,2627.93,Carte
1115,254,2025-12-06,47507.48,Virement
1116,255,2025-07-29,5010.21,Especes
1117,255,2026-01-27,5010.21,Carte
1118,256,2023-04-30,7523.38,Carte
1119,256,2023-10-29,7523.38,Especes
1120,257,2023-10-14,9759.23,Virement
1121,257,2024-04-13,9759.23,Carte
1122,258,2022-11-15,11198.43,Especes
1123,258,2023-02-13,11198.43,Especes
1124,259,2026-04-27,2151.42,Virement
1125,259,2026-05-12,2151.42,Carte
1126,259,2026-05-27,2151.42,Especes
1127,259,2026-06-11,2151.42,Especes
1128,259,2026-06-26,2151.42,Cheque
1129,259,2026-07-11,2151.42,Cheque
1130,259,2026-07-26,2151.42,Cheque
1131,259,2026-08-10,2151.42,Cheque
1132,259,2026-08-25,2151.42,Virement
1133,260,2022-11-19,7172.42,Virement
1134,260,2023-05-20,7172.42,Virement
1135,260,2023-11-19,7172.42,Especes
1136,260,2024-05-19,7172.42,Cheque
1137,261,2023-11-03,10462.75,Especes
1138,262,2025-10-18,13353.75,Virement
1139,262,2026-04-18,13353.75,Cheque
1140,263,2025-02-12,4417.27,Cheque
1141,263,2025-04-13,4417.27,Cheque
1142,263,2025-06-13,4417.27,Especes
1143,263,2025-08-13,4417.27,Especes
1144,263,2025-10-13,4417.27,Carte
1145,263,2025-12-13,4417.27,Cheque
1146,263,2026-02-12,4417.27,Cheque
1147,263,2026-04-13,4417.27,Virement
1148,263,2026-06-13,4417.27,Especes
1149,263,2026-08-13,4417.27,Especes
1150,264,2022-01-25,52366.75,Cheque
1151,265,2024-02-02,28908.92,Carte
1152,265,2025-02-01,28908.92,Especes
1153,266,2026-07-23,896.92,Especes
1154,266,2026-08-07,896.92,Especes
1155,266,2026-08-22,896.92,Cheque
1156,267,2026-07-16,25518.72,Carte
1157,268,2022-03-29,8639.35,Especes
1158,268,2022-09-27,8639.35,Cheque
1159,269,2024-10-13,21481.88,Especes
1160,269,2025-01-11,21481.88,Virement
1161,270,2023-07-18,20042.31,Virement
1162,271,2025-08-18,5367.52,Especes
1163,271,2025-11-17,5367.52,Virement
1164,271,2026-02-16,5367.52,Especes
1165,271,2026-05-18,5367.52,Carte
1166,272,2023-07-27,21175.62,Especes
1167,273,2025-07-15,29460.85,Especes
1168,274,2024-09-09,18675.12,Cheque
1169,274,2025-09-09,18675.12,Especes
1170,275,2024-03-06,8146.78,Carte
1171,275,2024-09-04,8146.78,Cheque
1172,276,2022-04-30,7132.53,Virement
1173,276,2022-07-30,7132.53,Virement
1174,276,2022-10-29,7132.53,Carte
1175,276,2023-01-28,7132.53,Especes
1176,277,2023-05-23,25851.88,Cheque
1177,278,2026-04-14,3408.84,Especes
1178,278,2026-04-29,3408.84,Especes
1179,278,2026-05-14,3408.84,Virement
1180,278,2026-05-29,3408.84,Virement
1181,278,2026-06-13,3408.84,Carte
1182,278,2026-06-28,3408.84,Cheque
1183,278,2026-07-13,3408.84,Cheque
1184,278,2026-07-28,3408.84,Carte
1185,278,2026-08-12,3408.84,Especes
1186,278,2026-08-27,3408.84,Cheque
1187,279,2022-12-27,23998.03,Carte
1188,280,2025-12-11,2568.81,Virement
1189,280,2026-02-09,2568.81,Especes
1190,280,2026-04-11,2568.81,Cheque
1191,280,2026-06-11,2568.81,Virement
1192,280,2026-08-11,2568.81,Carte
1193,281,2026-07-18,5659.34,Carte
1194,282,2023-04-22,24846.4,Cheque
1195,283,2026-07-10,4300.12,Virement
1196,283,2026-08-24,4300.12,Cheque
1197,284,2022-02-14,41397.41,Carte
1198,285,2022-05-29,8664.71,Carte
1199,285,2022-08-28,8664.71,Carte
1200,285,2022-11-27,8664.71,Cheque
1201,285,2023-02-26,8664.71,Carte
1202,286,2023-09-11,1231.32,Especes
1203,286,2023-10-11,1231.32,Especes
1204,286,2023-11-10,1231.32,Especes
1205,286,2023-12-11,1231.32,Especes
1206,286,2024-01-10,1231.32,Cheque
1207,286,2024-02-10,1231.32,Carte
1208,286,2024-03-11,1231.32,Especes
1209,286,2024-04-10,1231.32,Cheque
1210,286,2024-05-11,1231.32,Carte
1211,286,2024-06-10,1231.32,Cheque
1212,286,2024-07-11,1231.32,Especes
1213,286,2024-08-10,1231.32,Cheque
1214,287,2025-08-22,2537.68,Carte
1215,287,2025-09-21,2537.68,Especes
1216,287,2025-10-21,2537.68,Carte
1217,287,2025-11-21,2537.68,Carte
1218,287,2025-12-21,2537.68,Virement
1219,287,2026-01-21,2537.68,Carte
1220,287,2026-02-20,2537.68,Carte
1221,287,2026-03-22,2537.68,Virement
1222,287,2026-04-22,2537.68,Carte
1223,287,2026-05-22,2537.68,Especes
1224,287,2026-06-22,2537.68,Cheque
1225,287,2026-07-22,2537.68,Virement
1226,288,2023-04-03,15306.63,Carte
1227,288,2024-04-02,15306.63,Virement
1228,289,2022-09-18,8877.27,Carte
1229,289,2022-11-02,8877.27,Carte
1230,289,2022-12-17,8877.27,Especes
1231,289,2023-01-31,8877.27,Carte
1232,290,2026-04-28,21942.96,Carte
1233,291,2025-08-02,2702.74,Carte
1234,291,2026-01-31,2702.74,Especes
1235,291,2026-08-02,2702.74,Especes
1236,292,2023-05-03,4933.92,Especes
1237,292,2023-06-02,4933.92,Virement
1238,292,2023-07-02,4933.92,Virement
1239,292,2023-08-02,4933.92,Cheque
1240,292,2023-09-01,4933.92,Carte
1241,292,2023-10-02,4933.92,Virement
1242,292,2023-11-01,4933.92,Especes
1243,292,2023-12-01,4933.92,Virement
1244,292,2024-01-01,4933.92,Cheque
1245,292,2024-01-31,4933.92,Cheque
1246,292,2024-03-02,4933.92,Carte
1247,292,2024-04-01,4933.92,Virement
1248,293,2024-07-03,1606.87,Cheque
1249,293,2024-07-18,1606.87,Especes
1250,293,2024-08-02,1606.87,Especes
1251,293,2024-08-17,1606.87,Cheque
1252,293,2024-09-01,1606.87,Virement
1253,293,2024-09-16,1606.87,Carte
1254,293,2024-10-01,1606.87,Especes
1255,293,2024-10-16,1606.87,Especes
1256,293,2024-10-31,1606.87,Carte
1257,293,2024-11-15,1606.87,Especes
1258,293,2024-11-30,1606.87,Virement
1259,293,2024-12-15,1606.87,Virement
1260,294,2026-05-31,35214.48,Carte
1261,295,2022-12-07,4132.08,Carte
1262,295,2023-01-06,4132.08,Virement
1263,295,2023-02-05,4132.08,Carte
1264,295,2023-03-08,4132.08,Virement
1265,295,2023-04-07,4132.08,Cheque
1266,295,2023-05-08,4132.08,Cheque
1267,295,2023-06-07,4132.08,Virement
1268,295,2023-07-07,4132.08,Cheque
1269,295,2023-08-07,4132.08,Carte
1270,295,2023-09-06,4132.08,Especes
1271,295,2023-10-07,4132.08,Virement
1272,295,2023-11-06,4132.08,Especes
1273,296,2026-08-25,12623.21,Cheque
1274,297,2022-11-30,4995.07,Carte
1275,297,2023-05-31,4995.07,Virement
1276,298,2023-06-19,6298.51,Especes
1277,298,2023-09-17,6298.51,Cheque
1278,299,2025-01-25,2517.32,Virement
1279,299,2025-02-09,2517.32,Cheque
1280,299,2025-02-24,2517.32,Virement
1281,299,2025-03-11,2517.32,Carte
1282,299,2025-03-26,2517.32,Especes
1283,299,2025-04-10,2517.32,Cheque
1284,299,2025-04-25,2517.32,Virement
1285,299,2025-05-10,2517.32,Especes
1286,299,2025-05-25,2517.32,Carte
1287,299,2025-06-09,2517.32,Virement
1288,299,2025-06-24,2517.32,Cheque
1289,299,2025-07-09,2517.32,Carte
1290,300,2024-06-02,22424.87,Virement
1291,301,2023-11-10,58847.93,Cheque
1292,302,2025-09-14,10204.51,Especes
1293,302,2026-03-15,10204.51,Carte
1294,303,2022-11-11,3470.81,Cheque
1295,303,2022-11-26,3470.81,Especes
1296,303,2022-12-11,3470.81,Especes
1297,303,2022-12-26,3470.81,Carte
1298,303,2023-01-10,3470.81,Carte
1299,303,2023-01-25,3470.81,Especes
1300,303,2023-02-09,3470.81,Cheque
1301,303,2023-02-24,3470.81,Virement
1302,303,2023-03-11,3470.81,Virement
1303,303,2023-03-26,3470.81,Cheque
1304,303,2023-04-10,3470.81,Cheque
1305,303,2023-04-25,3470.81,Especes
1306,304,2023-02-13,21544.14,Cheque
1307,305,2022-08-25,16773.15,Especes
1308,305,2022-11-24,16773.15,Carte
1309,305,2023-02-23,16773.15,Carte
1310,305,2023-05-25,16773.15,Cheque
1311,306,2022-07-06,2420.37,Virement
1312,306,2022-09-04,2420.37,Especes
1313,306,2022-11-04,2420.37,Virement
1314,306,2023-01-04,2420.37,Cheque
1315,306,2023-03-06,2420.37,Virement
1316,306,2023-05-06,2420.37,Especes
1317,306,2023-07-06,2420.37,Cheque
1318,306,2023-09-04,2420.37,Cheque
1319,306,2023-11-04,2420.37,Carte
1320,306,2024-01-04,2420.37,Carte
1321,306,2024-03-05,2420.37,Virement
1322,306,2024-05-05,2420.37,Carte
1323,307,2023-01-18,5780.8,Carte
1324,307,2023-07-19,5780.8,Carte
1325,308,2025-03-01,15289.57,Especes
1326,309,2026-07-14,12244.76,Carte
1327,310,2024-03-03,33838.44,Especes
1328,311,2024-09-02,5065.9,Cheque
1329,311,2025-03-03,5065.9,Cheque
1330,312,2022-09-04,1055.64,Carte
1331,312,2022-10-04,1055.64,Virement
1332,312,2022-11-03,1055.64,Especes
1333,312,2022-12-04,1055.64,Cheque
1334,312,2023-01-03,1055.64,Virement
1335,312,2023-02-03,1055.64,Virement
1336,312,2023-03-05,1055.64,Virement
1337,312,2023-04-04,1055.64,Especes
1338,312,2023-05-05,1055.64,Especes
1339,312,2023-06-04,1055.64,Especes
1340,312,2023-07-05,1055.64,Carte
1341,312,2023-08-04,1055.64,Carte
1342,313,2022-09-16,9715.56,Cheque
1343,313,2022-12-15,9715.56,Especes
1344,314,2025-05-03,8316.62,Virement
1345,314,2025-11-01,8316.62,Especes
1346,315,2024-03-05,32880.97,Virement
1347,316,2022-01-26,28691.74,Especes
1348,316,2023-01-26,28691.74,Cheque
1349,317,2022-11-03,26997.82,Carte
1350,317,2023-02-01,26997.82,Cheque
1351,318,2025-02-26,4196.55,Especes
1352,318,2025-03-13,4196.55,Carte
1353,318,2025-03-28,4196.55,Virement
1354,318,2025-04-12,4196.55,Especes
1355,318,2025-04-27,4196.55,Carte
1356,318,2025-05-12,4196.55,Virement
1357,318,2025-05-27,4196.55,Carte
1358,318,2025-06-11,4196.55,Especes
1359,318,2025-06-26,4196.55,Cheque
1360,318,2025-07-11,4196.55,Carte
1361,318,2025-07-26,4196.55,Cheque
1362,318,2025-08-10,4196.55,Virement
1363,319,2023-06-25,4940.61,Carte
1364,319,2023-07-25,4940.61,Carte
1365,319,2023-08-24,4940.61,Carte
1366,319,2023-09-24,4940.61,Especes
1367,319,2023-10-24,4940.61,Virement
1368,319,2023-11-24,4940.61,Virement
1369,319,2023-12-24,4940.61,Virement
1370,319,2024-01-23,4940.61,Carte
1371,319,2024-02-23,4940.61,Carte
1372,319,2024-03-24,4940.61,Especes
1373,319,2024-04-24,4940.61,Especes
1374,319,2024-05-24,4940.61,Cheque
1375,320,2023-07-19,990.34,Especes
1376,320,2023-08-18,990.34,Especes
1377,320,2023-09-17,990.34,Cheque
1378,320,2023-10-18,990.34,Especes
1379,320,2023-11-17,990.34,Especes
1380,320,2023-12-18,990.34,Cheque
1381,320,2024-01-17,990.34,Carte
1382,320,2024-02-16,990.34,Especes
1383,320,2024-03-18,990.34,Especes
1384,320,2024-04-17,990.34,Especes
1385,320,2024-05-18,990.34,Cheque
1386,320,2024-06-17,990.34,Carte
1387,321,2024-03-21,11518.28,Carte
1388,321,2024-06-20,11518.28,Virement
1389,321,2024-09-19,11518.28,Cheque
1390,321,2024-12-19,11518.28,Virement
1391,322,2022-02-11,19304.26,Especes
1392,322,2022-08-12,19304.26,Cheque
1393,323,2023-04-12,28521.62,Virement
1394,324,2026-02-01,2597.86,Especes
1395,324,2026-03-03,2597.86,Virement
1396,324,2026-04-02,2597.86,Carte
1397,324,2026-05-03,2597.86,Virement
1398,324,2026-06-02,2597.86,Cheque
1399,324,2026-07-03,2597.86,Carte
1400,324,2026-08-02,2597.86,Especes
1401,324,2026-09-01,2597.86,Cheque
1402,325,2026-02-26,32784.8,Especes
1403,325,2026-08-27,32784.8,Especes
1404,326,2022-05-15,6789.59,Cheque
1405,326,2022-08-14,6789.59,Cheque
1406,326,2022-11-13,6789.59,Especes
1407,326,2023-02-12,6789.59,Especes
1408,327,2022-12-22,27191.56,Carte
1409,327,2023-03-22,27191.56,Especes
1410,328,2024-07-23,56311.4,Cheque
1411,329,2024-10-31,4843.72,Especes
1412,329,2024-11-30,4843.72,Especes
1413,329,2024-12-30,4843.72,Carte
1414,329,2025-01-30,4843.72,Carte
1415,329,2025-03-01,4843.72,Cheque
1416,329,2025-04-01,4843.72,Virement
1417,329,2025-05-01,4843.72,Cheque
1418,329,2025-05-31,4843.72,Virement
1419,329,2025-07-01,4843.72,Especes
1420,329,2025-07-31,4843.72,Virement
1421,329,2025-08-31,4843.72,Especes
1422,329,2025-09-30,4843.72,Cheque
1423,330,2024-09-28,6403.4,Carte
1424,330,2025-03-29,6403.4,Especes
1425,330,2025-09-28,6403.4,Carte
1426,330,2026-03-29,6403.4,Cheque
1427,331,2023-12-07,39317.88,Virement
1428,332,2023-08-07,8098.86,Carte
1429,332,2023-09-21,8098.86,Carte
1430,332,2023-11-05,8098.86,Cheque
1431,332,2023-12-20,8098.86,Especes
1432,333,2023-03-30,14078.03,Cheque
1433,334,2026-05-18,3850.1,Carte
1434,335,2023-04-04,42375.47,Especes
1435,336,2024-05-17,19902.76,Especes
1436,336,2024-11-15,19902.76,Especes
1437,337,2025-10-18,19425.44,Carte
1438,338,2025-02-23,7695.51,Virement
1439,338,2025-08-24,7695.51,Virement
1440,338,2026-02-23,7695.51,Cheque
1441,338,2026-08-24,7695.51,Carte
1442,339,2022-05-11,19825.42,Virement
1443,339,2022-08-10,19825.42,Carte
1444,339,2022-11-09,19825.42,Cheque
1445,339,2023-02-08,19825.42,Especes
1446,340,2025-09-05,21663.28,Cheque
1447,340,2026-09-05,21663.28,Cheque
1448,341,2022-04-27,1575.89,Carte
1449,341,2022-06-26,1575.89,Especes
1450,341,2022-08-26,1575.89,Especes
1451,341,2022-10-26,1575.89,Especes
1452,341,2022-12-26,1575.89,Virement
1453,341,2023-02-25,1575.89,Cheque
1454,341,2023-04-27,1575.89,Especes
1455,341,2023-06-26,1575.89,Virement
1456,341,2023-08-26,1575.89,Virement
1457,341,2023-10-26,1575.89,Especes
1458,341,2023-12-26,1575.89,Virement
1459,341,2024-02-25,1575.89,Cheque
1460,342,2025-09-04,29943.06,Especes
1461,342,2026-03-05,29943.06,Especes
1462,343,2026-02-17,54981.42,Especes
1463,344,2026-01-27,1481.89,Virement
1464,344,2026-03-28,1481.89,Cheque
1465,344,2026-05-28,1481.89,Cheque
1466,344,2026-07-28,1481.89,Carte
1467,345,2024-11-04,19794.83,Cheque
1468,345,2025-05-05,19794.83,Especes
1469,346,2023-08-25,5177.77,Cheque
1470,346,2023-10-09,5177.77,Especes
1471,346,2023-11-23,5177.77,Cheque
1472,346,2024-01-07,5177.77,Cheque
1473,347,2025-10-24,2139.14,Cheque
1474,347,2025-11-23,2139.14,Cheque
1475,347,2025-12-23,2139.14,Carte
1476,347,2026-01-23,2139.14,Carte
1477,347,2026-02-22,2139.14,Cheque
1478,347,2026-03-25,2139.14,Carte
1479,347,2026-04-24,2139.14,Virement
1480,347,2026-05-24,2139.14,Especes
1481,347,2026-06-24,2139.14,Virement
1482,347,2026-07-24,2139.14,Especes
1483,347,2026-08-24,2139.14,Virement
1484,348,2024-05-11,5752.22,Carte
1485,348,2024-08-10,5752.22,Cheque
1486,348,2024-11-09,5752.22,Virement
1487,348,2025-02-08,5752.22,Cheque
1488,349,2022-04-20,55014.48,Cheque
1489,350,2024-10-21,2618.54,Carte
1490,350,2024-11-05,2618.54,Carte
1491,350,2024-11-20,2618.54,Carte
1492,350,2024-12-05,2618.54,Especes
1493,350,2024-12-20,2618.54,Carte
1494,350,2025-01-04,2618.54,Especes
1495,350,2025-01-19,2618.54,Carte
1496,350,2025-02-03,2618.54,Especes
1497,350,2025-02-18,2618.54,Cheque
1498,350,2025-03-05,2618.54,Especes
1499,350,2025-03-20,2618.54,Carte
1500,350,2025-04-04,2618.54,Carte
1501,351,2022-11-05,59655.65,Virement
1502,352,2023-10-10,6434.81,Cheque
1503,352,2024-10-09,6434.81,Virement
1504,353,2023-10-04,4783.19,Virement
1505,353,2024-10-03,4783.19,Especes
1506,354,2025-03-26,5304.65,Carte
1507,354,2025-05-10,5304.65,Cheque
1508,354,2025-06-24,5304.65,Virement
1509,354,2025-08-08,5304.65,Carte
1510,355,2025-07-21,44203.61,Carte
1511,356,2024-12-29,23939.83,Carte
1512,356,2025-03-29,23939.83,Carte
1513,357,2022-02-06,4055.67,Virement
1514,357,2023-02-06,4055.67,Carte
1515,358,2023-10-02,1132.9,Carte
1516,358,2023-10-17,1132.9,Cheque
1517,358,2023-11-01,1132.9,Cheque
1518,358,2023-11-16,1132.9,Carte
1519,358,2023-12-01,1132.9,Carte
1520,358,2023-12-16,1132.9,Especes
1521,358,2023-12-31,1132.9,Cheque
1522,358,2024-01-15,1132.9,Cheque
1523,358,2024-01-30,1132.9,Virement
1524,358,2024-02-14,1132.9,Virement
1525,358,2024-02-29,1132.9,Especes
1526,358,2024-03-15,1132.9,Cheque
1527,359,2026-08-15,28419.1,Cheque
1528,360,2024-06-07,22420.76,Carte
1529,360,2025-06-07,22420.76,Virement
1530,361,2026-03-17,7885.46,Virement
1531,361,2026-06-15,7885.46,Virement
1532,362,2023-04-13,23861.3,Cheque
1533,362,2023-07-12,23861.3,Cheque
1534,363,2022-09-10,6799.99,Especes
1535,363,2022-12-10,6799.99,Carte
1536,363,2023-03-11,6799.99,Cheque
1537,363,2023-06-10,6799.99,Especes
1538,364,2026-04-29,7952.43,Cheque
1539,365,2025-08-31,1430.88,Carte
1540,365,2025-09-15,1430.88,Cheque
1541,365,2025-09-30,1430.88,Cheque
1542,365,2025-10-15,1430.88,Cheque
1543,365,2025-10-30,1430.88,Virement
1544,365,2025-11-14,1430.88,Carte
1545,365,2025-11-29,1430.88,Especes
1546,365,2025-12-14,1430.88,Cheque
1547,365,2025-12-29,1430.88,Carte
1548,365,2026-01-13,1430.88,Cheque
1549,365,2026-01-28,1430.88,Carte
1550,365,2026-02-12,1430.88,Especes
1551,366,2025-01-25,36347.84,Cheque
1552,367,2023-09-09,44774.91,Especes
1553,368,2024-05-07,10906.4,Cheque
1554,368,2024-08-05,10906.4,Cheque
1555,369,2024-10-16,10601.27,Carte
1556,369,2024-11-30,10601.27,Virement
1557,369,2025-01-14,10601.27,Especes
1558,369,2025-02-28,10601.27,Virement
1559,370,2024-01-04,4765.85,Cheque
1560,370,2024-07-04,4765.85,Carte
1561,370,2025-01-03,4765.85,Virement
1562,370,2025-07-04,4765.85,Virement
1563,371,2025-11-10,4231.57,Especes
1564,371,2026-02-09,4231.57,Cheque
1565,371,2026-05-11,4231.57,Virement
1566,371,2026-08-10,4231.57,Especes
1567,372,2025-03-21,9308.67,Cheque
1568,372,2025-09-19,9308.67,Carte
1569,372,2026-03-21,9308.67,Cheque
1570,373,2026-01-21,1629.84,Cheque
1571,373,2026-03-22,1629.84,Virement
1572,373,2026-05-22,1629.84,Especes
1573,373,2026-07-22,1629.84,Virement
1574,374,2023-06-25,2938.2,Especes
1575,374,2023-09-24,2938.2,Cheque
1576,374,2023-12-24,2938.2,Carte
1577,374,2024-03-24,2938.2,Carte
1578,375,2024-01-08,20944.75,Virement
1579,376,2022-01-20,22425.49,Carte
1580,376,2022-04-20,22425.49,Carte
1581,377,2026-02-10,1920.15,Cheque
1582,377,2026-02-25,1920.15,Especes
1583,377,2026-03-12,1920.15,Virement
1584,377,2026-03-27,1920.15,Virement
1585,377,2026-04-11,1920.15,Carte
1586,377,2026-04-26,1920.15,Virement
1587,377,2026-05-11,1920.15,Cheque
1588,377,2026-05-26,1920.15,Cheque
1589,377,2026-06-10,1920.15,Carte
1590,377,2026-06-25,1920.15,Carte
1591,377,2026-07-10,1920.15,Especes
1592,377,2026-07-25,1920.15,Carte
1593,378,2024-07-23,70142.5,Carte
1594,379,2022-08-20,2233.05,Especes
1595,379,2022-09-04,2233.05,Carte
1596,379,2022-09-19,2233.05,Virement
1597,379,2022-10-04,2233.05,Especes
1598,379,2022-10-19,2233.05,Carte
1599,379,2022-11-03,2233.05,Cheque
1600,379,2022-11-18,2233.05,Cheque
1601,379,2022-12-03,2233.05,Virement
1602,379,2022-12-18,2233.05,Virement
1603,379,2023-01-02,2233.05,Virement
1604,379,2023-01-17,2233.05,Especes
1605,379,2023-02-01,2233.05,Cheque
1606,380,2024-05-02,3060.03,Especes
1607,380,2024-07-01,3060.03,Virement
1608,380,2024-08-31,3060.03,Virement
1609,380,2024-10-31,3060.03,Virement
1610,380,2024-12-31,3060.03,Cheque
1611,380,2025-03-02,3060.03,Virement
1612,380,2025-05-02,3060.03,Carte
1613,380,2025-07-01,3060.03,Carte
1614,380,2025-08-31,3060.03,Carte
1615,380,2025-10-31,3060.03,Virement
1616,380,2025-12-31,3060.03,Carte
1617,380,2026-03-02,3060.03,Virement
1618,381,2026-05-15,56681.51,Especes
1619,382,2024-09-16,920.78,Carte
1620,382,2024-10-16,920.78,Especes
1621,382,2024-11-15,920.78,Virement
1622,382,2024-12-16,920.78,Cheque
1623,382,2025-01-15,920.78,Virement
1624,382,2025-02-15,920.78,Virement
1625,382,2025-03-17,920.78,Cheque
1626,382,2025-04-16,920.78,Especes
1627,382,2025-05-17,920.78,Especes
1628,382,2025-06-16,920.78,Virement
1629,382,2025-07-17,920.78,Carte
1630,382,2025-08-16,920.78,Cheque
1631,383,2025-09-03,869.38,Cheque
1632,383,2025-10-03,869.38,Carte
1633,383,2025-11-02,869.38,Carte
1634,383,2025-12-03,869.38,Virement
1635,383,2026-01-02,869.38,Especes
1636,383,2026-02-02,869.38,Carte
1637,383,2026-03-04,869.38,Carte
1638,383,2026-04-03,869.38,Cheque
1639,383,2026-05-04,869.38,Virement
1640,383,2026-06-03,869.38,Carte
1641,383,2026-07-04,869.38,Especes
1642,383,2026-08-03,869.38,Carte
1643,384,2025-10-03,11007.84,Especes
1644,384,2026-04-03,11007.84,Especes
1645,385,2025-09-17,2909.55,Especes
1646,385,2025-11-16,2909.55,Carte
1647,385,2026-01-16,2909.55,Virement
1648,385,2026-03-18,2909.55,Especes
1649,385,2026-05-18,2909.55,Carte
1650,385,2026-07-18,2909.55,Virement
1651,386,2022-11-01,18380.93,Cheque
1652,386,2023-05-02,18380.93,Carte
1653,386,2023-11-01,18380.93,Carte
1654,386,2024-05-01,18380.93,Cheque
1655,387,2024-11-01,7750.13,Carte
1656,387,2025-01-31,7750.13,Carte
1657,387,2025-05-02,7750.13,Especes
1658,387,2025-08-01,7750.13,Cheque
1659,388,2023-10-19,9963.42,Virement
1660,388,2023-12-03,9963.42,Especes
1661,388,2024-01-17,9963.42,Carte
1662,388,2024-03-02,9963.42,Virement
1663,389,2024-04-05,12364.92,Especes
1664,389,2024-07-04,12364.92,Carte
1665,390,2024-10-17,14611.39,Cheque
1666,390,2025-04-17,14611.39,Carte
1667,391,2022-07-30,33555.23,Especes
1668,392,2024-11-07,17239.79,Cheque
1669,393,2026-08-18,38580.6,Cheque
1670,394,2026-01-07,20898.83,Especes
1671,395,2022-01-05,17588.75,Carte
1672,396,2025-12-08,11602.23,Cheque
1673,397,2022-08-08,28325.56,Especes
1674,397,2023-02-06,28325.56,Cheque
1675,398,2024-07-25,2279.44,Especes
1676,398,2024-08-09,2279.44,Virement
1677,398,2024-08-24,2279.44,Carte
1678,398,2024-09-08,2279.44,Carte
1679,398,2024-09-23,2279.44,Carte
1680,398,2024-10-08,2279.44,Virement
1681,398,2024-10-23,2279.44,Cheque
1682,398,2024-11-07,2279.44,Carte
1683,398,2024-11-22,2279.44,Cheque
1684,398,2024-12-07,2279.44,Carte
1685,398,2024-12-22,2279.44,Cheque
1686,398,2025-01-06,2279.44,Cheque
1687,399,2026-05-01,17791.22,Cheque
1688,400,2022-01-09,5347.74,Virement
1689,400,2022-03-10,5347.74,Carte
1690,400,2022-05-10,5347.74,Cheque
1691,400,2022-07-10,5347.74,Carte
1692,400,2022-09-09,5347.74,Especes
1693,400,2022-11-09,5347.74,Especes
1694,400,2023-01-09,5347.74,Virement
1695,400,2023-03-10,5347.74,Especes
1696,400,2023-05-10,5347.74,Cheque
1697,400,2023-07-10,5347.74,Carte
1698,400,2023-09-09,5347.74,Virement
1699,400,2023-11-09,5347.74,Virement
1700,401,2024-11-07,61509.06,Carte
1701,402,2024-03-04,21012.28,Cheque
1702,402,2025-03-04,21012.28,Carte
1703,403,2025-06-01,65742.48,Virement
1704,404,2024-07-16,14836.3,Carte
1705,405,2025-12-07,40124.76,Virement
1706,406,2023-02-16,2071.04,Virement
1707,406,2023-03-03,2071.04,Especes
1708,406,2023-03-18,2071.04,Carte
1709,406,2023-04-02,2071.04,Especes
1710,406,2023-04-17,2071.04,Especes
1711,406,2023-05-02,2071.04,Virement
1712,406,2023-05-17,2071.04,Especes
1713,406,2023-06-01,2071.04,Virement
1714,406,2023-06-16,2071.04,Cheque
1715,406,2023-07-01,2071.04,Cheque
1716,406,2023-07-16,2071.04,Carte
1717,406,2023-07-31,2071.04,Carte
1718,407,2025-12-25,34329.85,Especes
1719,408,2025-12-25,18313.56,Cheque
1720,408,2026-03-25,18313.56,Especes
1721,409,2025-10-12,36815.98,Cheque
1722,410,2024-12-06,4034.31,Especes
1723,410,2025-01-20,4034.31,Especes
1724,410,2025-03-06,4034.31,Virement
1725,410,2025-04-20,4034.31,Especes
1726,411,2023-07-01,8638.84,Carte
1727,411,2023-08-15,8638.84,Carte
1728,411,2023-09-29,8638.84,Especes
1729,411,2023-11-13,8638.84,Cheque
1730,412,2023-02-22,927.56,Especes
1731,412,2023-04-23,927.56,Carte
1732,412,2023-06-23,927.56,Virement
1733,412,2023-08-23,927.56,Virement
1734,412,2023-10-23,927.56,Virement
1735,412,2023-12-23,927.56,Especes
1736,412,2024-02-22,927.56,Virement
1737,412,2024-04-22,927.56,Carte
1738,412,2024-06-22,927.56,Especes
1739,412,2024-08-22,927.56,Virement
1740,412,2024-10-22,927.56,Carte
1741,412,2024-12-22,927.56,Virement
1742,413,2026-03-01,1929.52,Cheque
1743,413,2026-04-30,1929.52,Carte
1744,413,2026-06-30,1929.52,Carte
1745,413,2026-08-30,1929.52,Cheque
1746,414,2025-11-20,11644.3,Especes
1747,415,2025-02-04,2613.45,Cheque
1748,415,2025-03-21,2613.45,Especes
1749,415,2025-05-05,2613.45,Carte
1750,415,2025-06-19,2613.45,Carte
1751,416,2026-08-27,18672.29,Cheque
1752,417,2026-05-09,2836.32,Carte
1753,417,2026-07-08,2836.32,Cheque
1754,418,2023-01-18,4006.55,Cheque
1755,418,2023-02-02,4006.55,Carte
1756,418,2023-02-17,4006.55,Virement
1757,418,2023-03-04,4006.55,Virement
1758,418,2023-03-19,4006.55,Cheque
1759,418,2023-04-03,4006.55,Virement
1760,418,2023-04-18,4006.55,Cheque
1761,418,2023-05-03,4006.55,Carte
1762,418,2023-05-18,4006.55,Especes
1763,418,2023-06-02,4006.55,Carte
1764,418,2023-06-17,4006.55,Especes
1765,418,2023-07-02,4006.55,Carte
1766,419,2025-02-13,3638.08,Especes
1767,419,2025-05-15,3638.08,Virement
1768,419,2025-08-14,3638.08,Carte
1769,419,2025-11-13,3638.08,Especes
1770,420,2024-08-13,3567.69,Cheque
1771,420,2024-10-12,3567.69,Carte
1772,420,2024-12-12,3567.69,Carte
1773,420,2025-02-11,3567.69,Cheque
1774,420,2025-04-13,3567.69,Especes
1775,420,2025-06-13,3567.69,Cheque
1776,420,2025-08-13,3567.69,Cheque
1777,420,2025-10-12,3567.69,Especes
1778,420,2025-12-12,3567.69,Virement
1779,420,2026-02-11,3567.69,Cheque
1780,420,2026-04-13,3567.69,Cheque
1781,420,2026-06-13,3567.69,Virement
1782,421,2026-05-04,21351.19,Carte
1783,422,2022-05-30,5281.27,Especes
1784,422,2022-11-28,5281.27,Carte
1785,422,2023-05-30,5281.27,Virement
1786,422,2023-11-28,5281.27,Especes
1787,423,2026-05-30,5542.92,Cheque
1788,424,2023-03-30,33216.71,Especes
1789,425,2025-02-23,5132.06,Especes
1790,425,2025-08-24,5132.06,Especes
1791,425,2026-02-23,5132.06,Carte
1792,425,2026-08-24,5132.06,Carte
1793,426,2022-03-23,7978.2,Especes
1794,426,2022-09-21,7978.2,Especes
1795,426,2023-03-23,7978.2,Virement
1796,426,2023-09-21,7978.2,Cheque
1797,427,2023-06-10,5286.55,Carte
1798,427,2023-08-09,5286.55,Cheque
1799,427,2023-10-09,5286.55,Carte
1800,427,2023-12-09,5286.55,Cheque
1801,427,2024-02-08,5286.55,Carte
1802,427,2024-04-09,5286.55,Especes
1803,427,2024-06-09,5286.55,Cheque
1804,427,2024-08-08,5286.55,Virement
1805,427,2024-10-08,5286.55,Cheque
1806,427,2024-12-08,5286.55,Carte
1807,427,2025-02-07,5286.55,Carte
1808,427,2025-04-09,5286.55,Especes
1809,428,2024-11-19,6398.62,Carte
1810,428,2025-05-20,6398.62,Cheque
1811,428,2025-11-19,6398.62,Virement
1812,428,2026-05-20,6398.62,Especes
1813,429,2023-10-19,2555.83,Especes
1814,429,2024-04-18,2555.83,Cheque
1815,429,2024-10-18,2555.83,Virement
1816,429,2025-04-18,2555.83,Virement
1817,430,2025-07-07,12242.58,Virement
1818,430,2025-10-05,12242.58,Carte
1819,431,2022-08-01,26132.62,Carte
1820,431,2022-10-30,26132.62,Carte
1821,432,2025-08-17,32406.72,Cheque
1822,432,2025-11-15,32406.72,Especes
1823,433,2022-03-19,12563.68,Virement
1824,434,2025-03-23,55994.4,Especes
1825,435,2024-06-05,5253.36,Carte
1826,435,2024-09-04,5253.36,Especes
1827,435,2024-12-04,5253.36,Carte
1828,435,2025-03-05,5253.36,Virement
1829,436,2026-03-29,10338.09,Carte
1830,437,2023-08-17,28560.78,Cheque
1831,438,2024-03-20,21849.15,Carte
1832,439,2026-06-20,18849.35,Virement
1833,440,2022-01-23,10154.21,Especes
1834,440,2022-07-24,10154.21,Cheque
1835,440,2023-01-23,10154.21,Carte
1836,440,2023-07-24,10154.21,Cheque
1837,441,2025-01-05,19204.69,Virement
1838,441,2025-07-06,19204.69,Carte
1839,441,2026-01-05,19204.69,Especes
1840,441,2026-07-06,19204.69,Especes
1841,442,2023-03-10,10424.25,Cheque
1842,442,2023-06-09,10424.25,Especes
1843,442,2023-09-08,10424.25,Cheque
1844,442,2023-12-08,10424.25,Especes
1845,443,2023-03-29,30538.21,Virement
1846,444,2026-03-19,8939.23,Carte
1847,445,2023-05-29,5970.95,Virement
1848,445,2023-07-13,5970.95,Carte
1849,445,2023-08-27,5970.95,Carte
1850,445,2023-10-11,5970.95,Virement
1851,446,2022-09-20,8235.39,Especes
1852,446,2023-03-21,8235.39,Virement
1853,446,2023-09-20,8235.39,Cheque
1854,446,2024-03-20,8235.39,Carte
1855,447,2023-10-13,10083.72,Cheque
1856,447,2024-04-12,10083.72,Carte
1857,448,2025-03-04,17841.32,Virement
1858,449,2023-10-04,4196.23,Carte
1859,449,2023-10-19,4196.23,Carte
1860,449,2023-11-03,4196.23,Cheque
1861,449,2023-11-18,4196.23,Cheque
1862,449,2023-12-03,4196.23,Especes
1863,449,2023-12-18,4196.23,Especes
1864,449,2024-01-02,4196.23,Virement
1865,449,2024-01-17,4196.23,Especes
1866,449,2024-02-01,4196.23,Virement
1867,449,2024-02-16,4196.23,Especes
1868,449,2024-03-02,4196.23,Virement
1869,449,2024-03-17,4196.23,Especes
1870,450,2024-01-07,16892.65,Cheque
1871,450,2024-04-06,16892.65,Especes
1872,451,2024-01-05,49218.28,Virement
1873,452,2023-07-29,4592.36,Cheque
1874,452,2023-08-13,4592.36,Especes
1875,452,2023-08-28,4592.36,Carte
1876,452,2023-09-12,4592.36,Especes
1877,452,2023-09-27,4592.36,Carte
1878,452,2023-10-12,4592.36,Especes
1879,452,2023-10-27,4592.36,Cheque
1880,452,2023-11-11,4592.36,Virement
1881,452,2023-11-26,4592.36,Cheque
1882,452,2023-12-11,4592.36,Cheque
1883,452,2023-12-26,4592.36,Virement
1884,452,2024-01-10,4592.36,Virement
1885,453,2026-01-29,27572.37,Cheque
1886,453,2026-04-29,27572.37,Virement
1887,454,2026-04-25,8191.41,Especes
1888,455,2025-09-01,10487.28,Especes
1889,455,2025-10-16,10487.28,Carte
1890,455,2025-11-30,10487.28,Carte
1891,455,2026-01-14,10487.28,Cheque
1892,456,2022-10-02,2294.94,Virement
1893,456,2022-11-01,2294.94,Cheque
1894,456,2022-12-01,2294.94,Virement
1895,456,2023-01-01,2294.94,Virement
1896,456,2023-01-31,2294.94,Cheque
1897,456,2023-03-03,2294.94,Carte
1898,456,2023-04-02,2294.94,Virement
1899,456,2023-05-02,2294.94,Carte
1900,456,2023-06-02,2294.94,Cheque
1901,456,2023-07-02,2294.94,Especes
1902,456,2023-08-02,2294.94,Cheque
1903,456,2023-09-01,2294.94,Carte
1904,457,2025-09-19,26579.59,Carte
1905,457,2025-12-18,26579.59,Cheque
1906,458,2026-03-31,11790.01,Virement
1907,459,2026-02-16,21054.59,Virement
1908,460,2023-04-20,2988.45,Cheque
1909,460,2023-05-05,2988.45,Especes
1910,460,2023-05-20,2988.45,Virement
1911,460,2023-06-04,2988.45,Cheque
1912,460,2023-06-19,2988.45,Virement
1913,460,2023-07-04,2988.45,Especes
1914,460,2023-07-19,2988.45,Carte
1915,460,2023-08-03,2988.45,Especes
1916,460,2023-08-18,2988.45,Especes
1917,460,2023-09-02,2988.45,Carte
1918,460,2023-09-17,2988.45,Carte
1919,460,2023-10-02,2988.45,Carte
1920,461,2024-03-05,10531.64,Cheque
1921,461,2024-06-04,10531.64,Cheque
1922,461,2024-09-03,10531.64,Cheque
1923,461,2024-12-03,10531.64,Cheque
1924,462,2022-07-31,10973.86,Cheque
1925,462,2023-01-29,10973.86,Virement
1926,462,2023-07-31,10973.86,Virement
1927,462,2024-01-29,10973.86,Carte
1928,463,2025-03-31,14977.81,Carte
1929,463,2026-03-31,14977.81,Especes
1930,464,2024-11-24,2661.23,Cheque
1931,464,2024-12-24,2661.23,Especes
1932,464,2025-01-23,2661.23,Cheque
1933,464,2025-02-23,2661.23,Virement
1934,464,2025-03-25,2661.23,Especes
1935,464,2025-04-25,2661.23,Carte
1936,464,2025-05-25,2661.23,Virement
1937,464,2025-06-24,2661.23,Especes
1938,464,2025-07-25,2661.23,Cheque
1939,464,2025-08-24,2661.23,Especes
1940,464,2025-09-24,2661.23,Carte
1941,464,2025-10-24,2661.23,Cheque
1942,465,2026-08-01,6760.04,Especes
1943,466,2024-06-19,1184.15,Especes
1944,466,2024-07-04,1184.15,Virement
1945,466,2024-07-19,1184.15,Virement
1946,466,2024-08-03,1184.15,Carte
1947,466,2024-08-18,1184.15,Virement
1948,466,2024-09-02,1184.15,Cheque
1949,466,2024-09-17,1184.15,Especes
1950,466,2024-10-02,1184.15,Especes
1951,466,2024-10-17,1184.15,Carte
1952,466,2024-11-01,1184.15,Especes
1953,466,2024-11-16,1184.15,Especes
1954,466,2024-12-01,1184.15,Virement
1955,467,2023-01-18,17780.02,Especes
1956,468,2024-04-29,6861.73,Cheque
1957,468,2024-07-29,6861.73,Cheque
1958,468,2024-10-28,6861.73,Virement
1959,468,2025-01-27,6861.73,Virement
1960,469,2025-04-24,6369,Especes
1961,469,2025-06-08,6369,Carte
1962,469,2025-07-23,6369,Virement
1963,469,2025-09-06,6369,Especes
1964,470,2025-03-20,6175.24,Carte
1965,470,2026-03-20,6175.24,Virement
1966,471,2022-04-25,7486.51,Carte
1967,471,2022-07-24,7486.51,Carte
1968,472,2026-01-13,22389.26,Carte
1969,473,2025-05-27,6003.18,Carte
1970,473,2025-06-26,6003.18,Especes
1971,473,2025-07-26,6003.18,Virement
1972,473,2025-08-26,6003.18,Especes
1973,473,2025-09-25,6003.18,Cheque
1974,473,2025-10-26,6003.18,Cheque
1975,473,2025-11-25,6003.18,Virement
1976,473,2025-12-25,6003.18,Cheque
1977,473,2026-01-25,6003.18,Especes
1978,473,2026-02-24,6003.18,Carte
1979,473,2026-03-27,6003.18,Carte
1980,473,2026-04-26,6003.18,Cheque
1981,474,2026-06-16,2512.69,Cheque
1982,474,2026-08-15,2512.69,Especes
1983,475,2022-12-10,33995.69,Virement
1984,476,2023-04-16,8086.44,Carte
1985,476,2023-07-16,8086.44,Especes
1986,476,2023-10-15,8086.44,Carte
1987,476,2024-01-14,8086.44,Virement
1988,477,2026-08-20,56330.66,Especes
1989,478,2026-05-25,18824.9,Especes
1990,479,2025-05-20,7585.77,Cheque
1991,479,2025-11-18,7585.77,Carte
1992,479,2026-05-20,7585.77,Especes
1993,480,2024-12-05,42222.65,Cheque
1994,481,2026-07-02,29318,Especes
1995,482,2024-05-21,13226.66,Carte
1996,482,2024-08-19,13226.66,Carte
1997,483,2025-05-10,12151.32,Virement
1998,483,2026-05-10,12151.32,Cheque
1999,484,2025-03-29,10151.15,Virement
2000,484,2026-03-29,10151.15,Especes
2001,485,2024-04-17,1144.2,Virement
2002,485,2024-05-17,1144.2,Cheque
2003,485,2024-06-16,1144.2,Virement
2004,485,2024-07-17,1144.2,Cheque
2005,485,2024-08-16,1144.2,Especes
2006,485,2024-09-16,1144.2,Virement
2007,485,2024-10-16,1144.2,Virement
2008,485,2024-11-15,1144.2,Carte
2009,485,2024-12-16,1144.2,Virement
2010,485,2025-01-15,1144.2,Carte
2011,485,2025-02-15,1144.2,Cheque
2012,485,2025-03-17,1144.2,Carte
2013,486,2025-01-02,2480.29,Virement
2014,486,2025-02-01,2480.29,Virement
2015,486,2025-03-03,2480.29,Carte
2016,486,2025-04-03,2480.29,Cheque
2017,486,2025-05-03,2480.29,Especes
2018,486,2025-06-03,2480.29,Cheque
2019,486,2025-07-03,2480.29,Virement
2020,486,2025-08-02,2480.29,Especes
2021,486,2025-09-02,2480.29,Cheque
2022,486,2025-10-02,2480.29,Virement
2023,486,2025-11-02,2480.29,Especes
2024,486,2025-12-02,2480.29,Virement
2025,487,2024-04-26,7290.57,Cheque
2026,487,2024-10-25,7290.57,Cheque
2027,487,2025-04-26,7290.57,Cheque
2028,487,2025-10-25,7290.57,Especes
2029,488,2023-06-04,4554.92,Especes
2030,488,2023-07-04,4554.92,Carte
2031,488,2023-08-03,4554.92,Virement
2032,488,2023-09-03,4554.92,Carte
2033,488,2023-10-03,4554.92,Especes
2034,488,2023-11-03,4554.92,Cheque
2035,488,2023-12-03,4554.92,Cheque
2036,488,2024-01-02,4554.92,Especes
2037,488,2024-02-02,4554.92,Virement
2038,488,2024-03-03,4554.92,Cheque
2039,488,2024-04-03,4554.92,Carte
2040,488,2024-05-03,4554.92,Virement
2041,489,2025-09-12,2349.25,Especes
2042,489,2025-09-27,2349.25,Carte
2043,489,2025-10-12,2349.25,Especes
2044,489,2025-10-27,2349.25,Cheque
2045,489,2025-11-11,2349.25,Virement
2046,489,2025-11-26,2349.25,Cheque
2047,489,2025-12-11,2349.25,Cheque
2048,489,2025-12-26,2349.25,Cheque
2049,489,2026-01-10,2349.25,Virement
2050,489,2026-01-25,2349.25,Carte
2051,489,2026-02-09,2349.25,Especes
2052,489,2026-02-24,2349.25,Especes
2053,490,2023-03-16,16512.62,Cheque
2054,490,2024-03-15,16512.62,Carte
2055,491,2022-11-26,14601.42,Especes
2056,491,2023-02-25,14601.42,Especes
2057,491,2023-05-27,14601.42,Cheque
2058,491,2023-08-26,14601.42,Cheque
2059,492,2025-05-14,2107.37,Cheque
2060,492,2025-06-13,2107.37,Cheque
2061,492,2025-07-13,2107.37,Especes
2062,492,2025-08-13,2107.37,Carte
2063,492,2025-09-12,2107.37,Especes
2064,492,2025-10-13,2107.37,Cheque
2065,492,2025-11-12,2107.37,Virement
2066,492,2025-12-12,2107.37,Especes
2067,492,2026-01-12,2107.37,Carte
2068,492,2026-02-11,2107.37,Especes
2069,492,2026-03-14,2107.37,Cheque
2070,492,2026-04-13,2107.37,Cheque
2071,493,2026-01-23,28440.41,Virement
2072,493,2026-07-24,28440.41,Virement
2073,494,2025-12-28,12011.21,Especes
2074,495,2024-06-18,16051.22,Carte
2075,495,2024-09-16,16051.22,Carte
2076,496,2023-02-03,3119.88,Carte
2077,496,2023-02-18,3119.88,Especes
2078,496,2023-03-05,3119.88,Especes
2079,496,2023-03-20,3119.88,Carte
2080,496,2023-04-04,3119.88,Carte
2081,496,2023-04-19,3119.88,Virement
2082,496,2023-05-04,3119.88,Especes
2083,496,2023-05-19,3119.88,Virement
2084,496,2023-06-03,3119.88,Virement
2085,496,2023-06-18,3119.88,Cheque
2086,496,2023-07-03,3119.88,Virement
2087,496,2023-07-18,3119.88,Especes
2088,497,2025-10-12,8856.49,Especes
2089,497,2026-01-10,8856.49,Especes
2090,498,2023-07-20,2574.23,Virement
2091,498,2023-08-19,2574.23,Virement
2092,498,2023-09-18,2574.23,Carte
2093,498,2023-10-19,2574.23,Carte
2094,498,2023-11-18,2574.23,Carte
2095,498,2023-12-19,2574.23,Carte
2096,498,2024-01-18,2574.23,Cheque
2097,498,2024-02-17,2574.23,Cheque
2098,498,2024-03-19,2574.23,Carte
2099,498,2024-04-18,2574.23,Virement
2100,498,2024-05-19,2574.23,Especes
2101,498,2024-06-18,2574.23,Especes
2102,499,2026-02-18,18087.77,Virement
2103,500,2023-12-13,8960.17,Carte
2104,500,2024-06-12,8960.17,Especes
2105,501,2023-06-19,33321.06,Cheque
2106,502,2023-11-28,3175.25,Virement
2107,502,2023-12-13,3175.25,Especes
2108,502,2023-12-28,3175.25,Carte
2109,502,2024-01-12,3175.25,Carte
2110,502,2024-01-27,3175.25,Carte
2111,502,2024-02-11,3175.25,Cheque
2112,502,2024-02-26,3175.25,Carte
2113,502,2024-03-12,3175.25,Carte
2114,502,2024-03-27,3175.25,Virement
2115,502,2024-04-11,3175.25,Carte
2116,502,2024-04-26,3175.25,Cheque
2117,502,2024-05-11,3175.25,Virement
2118,503,2025-11-22,10952.99,Especes
2119,503,2026-02-21,10952.99,Cheque
2120,503,2026-05-23,10952.99,Carte
2121,503,2026-08-22,10952.99,Especes
2122,504,2026-05-08,8463.95,Cheque
2123,504,2026-08-07,8463.95,Virement
2124,505,2022-08-27,24053.26,Especes
2125,506,2026-06-27,1594.62,Cheque
2126,506,2026-07-27,1594.62,Especes
2127,506,2026-08-26,1594.62,Cheque
2128,507,2023-05-24,13255.33,Virement
2129,508,2025-02-09,3037.08,Especes
2130,508,2025-02-24,3037.08,Cheque
2131,508,2025-03-11,3037.08,Especes
2132,508,2025-03-26,3037.08,Virement
2133,508,2025-04-10,3037.08,Cheque
2134,508,2025-04-25,3037.08,Carte
2135,508,2025-05-10,3037.08,Cheque
2136,508,2025-05-25,3037.08,Cheque
2137,508,2025-06-09,3037.08,Especes
2138,508,2025-06-24,3037.08,Carte
2139,508,2025-07-09,3037.08,Cheque
2140,508,2025-07-24,3037.08,Virement
2141,509,2023-01-10,33908.76,Cheque
2142,510,2023-04-26,7267.77,Cheque
2143,510,2024-04-25,7267.77,Especes
2144,511,2025-06-20,1017.66,Carte
2145,511,2025-07-20,1017.66,Especes
2146,511,2025-08-19,1017.66,Especes
2147,511,2025-09-19,1017.66,Virement
2148,511,2025-10-19,1017.66,Carte
2149,511,2025-11-19,1017.66,Carte
2150,511,2025-12-19,1017.66,Virement
2151,511,2026-01-18,1017.66,Virement
2152,511,2026-02-18,1017.66,Cheque
2153,511,2026-03-20,1017.66,Virement
2154,511,2026-04-20,1017.66,Carte
2155,511,2026-05-20,1017.66,Virement
2156,512,2025-06-11,5487.89,Cheque
2157,512,2025-06-26,5487.89,Virement
2158,512,2025-07-11,5487.89,Carte
2159,512,2025-07-26,5487.89,Cheque
2160,512,2025-08-10,5487.89,Especes
2161,512,2025-08-25,5487.89,Cheque
2162,512,2025-09-09,5487.89,Especes
2163,512,2025-09-24,5487.89,Especes
2164,512,2025-10-09,5487.89,Virement
2165,512,2025-10-24,5487.89,Carte
2166,512,2025-11-08,5487.89,Especes
2167,512,2025-11-23,5487.89,Cheque
2168,513,2025-06-25,27231.91,Especes
2169,514,2024-10-02,22226.9,Cheque
2170,514,2024-12-31,22226.9,Cheque
2171,515,2026-03-17,2865.66,Virement
2172,516,2024-10-26,8179.31,Cheque
2173,516,2025-01-25,8179.31,Cheque
2174,516,2025-04-26,8179.31,Carte
2175,516,2025-07-26,8179.31,Carte
2176,517,2025-12-01,2975.26,Carte
2177,517,2026-01-30,2975.26,Cheque
2178,517,2026-04-01,2975.26,Virement
2179,517,2026-06-01,2975.26,Carte
2180,517,2026-08-01,2975.26,Virement
2181,518,2024-02-17,10720.19,Virement
2182,519,2025-01-28,7201.38,Cheque
2183,519,2025-07-29,7201.38,Carte
2184,520,2023-01-12,24838,Cheque
2185,521,2024-03-31,2147.96,Virement
2186,521,2024-04-30,2147.96,Cheque
2187,521,2024-05-30,2147.96,Virement
2188,521,2024-06-30,2147.96,Cheque
2189,521,2024-07-30,2147.96,Cheque
2190,521,2024-08-30,2147.96,Carte
2191,521,2024-09-29,2147.96,Especes
2192,521,2024-10-29,2147.96,Carte
2193,521,2024-11-29,2147.96,Cheque
2194,521,2024-12-29,2147.96,Especes
2195,521,2025-01-29,2147.96,Especes
2196,521,2025-02-28,2147.96,Especes
2197,522,2026-07-26,6865.51,Virement
2198,523,2023-02-06,34001.12,Especes
2199,523,2023-05-07,34001.12,Virement
2200,524,2024-05-13,2907.68,Especes
2201,524,2024-08-12,2907.68,Cheque
2202,524,2024-11-11,2907.68,Cheque
2203,524,2025-02-10,2907.68,Virement
2204,525,2026-05-28,5125.3,Virement
2205,525,2026-08-27,5125.3,Virement
2206,526,2022-07-22,2483.38,Carte
2207,526,2022-09-20,2483.38,Especes
2208,526,2022-11-20,2483.38,Cheque
2209,526,2023-01-20,2483.38,Virement
2210,526,2023-03-22,2483.38,Virement
2211,526,2023-05-22,2483.38,Cheque
2212,526,2023-07-22,2483.38,Carte
2213,526,2023-09-20,2483.38,Carte
2214,526,2023-11-20,2483.38,Especes
2215,526,2024-01-20,2483.38,Virement
2216,526,2024-03-21,2483.38,Virement
2217,526,2024-05-21,2483.38,Carte
2218,527,2024-07-10,2504.96,Especes
2219,527,2024-09-08,2504.96,Carte
2220,527,2024-11-08,2504.96,Carte
2221,527,2025-01-08,2504.96,Cheque
2222,527,2025-03-10,2504.96,Virement
2223,527,2025-05-10,2504.96,Carte
2224,527,2025-07-10,2504.96,Especes
2225,527,2025-09-08,2504.96,Virement
2226,527,2025-11-08,2504.96,Especes
2227,527,2026-01-08,2504.96,Carte
2228,527,2026-03-10,2504.96,Virement
2229,527,2026-05-10,2504.96,Especes
2230,528,2023-12-06,6102.91,Cheque
2231,528,2024-01-20,6102.91,Especes
2232,528,2024-03-05,6102.91,Especes
2233,528,2024-04-19,6102.91,Cheque
2234,529,2025-03-27,6386.59,Virement
2235,529,2025-09-25,6386.59,Carte
2236,529,2026-03-27,6386.59,Virement
2237,530,2023-10-28,27865.56,Virement
2238,531,2025-06-10,11956.28,Virement
2239,531,2025-09-09,11956.28,Especes
2240,531,2025-12-09,11956.28,Carte
2241,531,2026-03-10,11956.28,Virement
2242,532,2024-05-13,2619.24,Especes
2243,532,2024-07-12,2619.24,Especes
2244,532,2024-09-11,2619.24,Cheque
2245,532,2024-11-11,2619.24,Virement
2246,532,2025-01-11,2619.24,Virement
2247,532,2025-03-13,2619.24,Carte
2248,532,2025-05-13,2619.24,Virement
2249,532,2025-07-12,2619.24,Virement
2250,532,2025-09-11,2619.24,Carte
2251,532,2025-11-11,2619.24,Virement
2252,532,2026-01-11,2619.24,Virement
2253,532,2026-03-13,2619.24,Virement
2254,533,2022-11-28,2105.82,Carte
2255,533,2022-12-28,2105.82,Especes
2256,533,2023-01-27,2105.82,Carte
2257,533,2023-02-27,2105.82,Carte
2258,533,2023-03-29,2105.82,Virement
2259,533,2023-04-29,2105.82,Cheque
2260,533,2023-05-29,2105.82,Cheque
2261,533,2023-06-28,2105.82,Cheque
2262,533,2023-07-29,2105.82,Especes
2263,533,2023-08-28,2105.82,Especes
2264,533,2023-09-28,2105.82,Carte
2265,533,2023-10-28,2105.82,Virement
2266,534,2025-05-24,1986.74,Cheque
2267,534,2025-07-23,1986.74,Cheque
2268,534,2025-09-22,1986.74,Cheque
2269,534,2025-11-22,1986.74,Especes
2270,534,2026-01-22,1986.74,Especes
2271,534,2026-03-24,1986.74,Especes
2272,534,2026-05-24,1986.74,Carte
2273,534,2026-07-23,1986.74,Virement
2274,535,2024-04-27,15516.58,Especes
2275,535,2024-07-26,15516.58,Virement
2276,536,2026-03-04,3020.07,Cheque
2277,536,2026-05-03,3020.07,Cheque
2278,536,2026-07-03,3020.07,Especes
2279,536,2026-09-02,3020.07,Carte
2280,537,2022-05-11,3306.63,Especes
2281,537,2022-06-10,3306.63,Virement
2282,537,2022-07-10,3306.63,Carte
2283,537,2022-08-10,3306.63,Especes
2284,537,2022-09-09,3306.63,Cheque
2285,537,2022-10-10,3306.63,Especes
2286,537,2022-11-09,3306.63,Cheque
2287,537,2022-12-09,3306.63,Virement
2288,537,2023-01-09,3306.63,Virement
2289,537,2023-02-08,3306.63,Cheque
2290,537,2023-03-11,3306.63,Especes
2291,537,2023-04-10,3306.63,Virement
2292,538,2022-08-01,42814.6,Virement
2293,539,2023-04-15,2984.65,Especes
2294,539,2023-04-30,2984.65,Virement
2295,539,2023-05-15,2984.65,Carte
2296,539,2023-05-30,2984.65,Especes
2297,539,2023-06-14,2984.65,Especes
2298,539,2023-06-29,2984.65,Carte
2299,539,2023-07-14,2984.65,Especes
2300,539,2023-07-29,2984.65,Especes
2301,539,2023-08-13,2984.65,Carte
2302,539,2023-08-28,2984.65,Especes
2303,539,2023-09-12,2984.65,Carte
2304,539,2023-09-27,2984.65,Especes
2305,540,2022-02-28,2159.65,Cheque
2306,540,2022-03-15,2159.65,Carte
2307,540,2022-03-30,2159.65,Especes
2308,540,2022-04-14,2159.65,Especes
2309,540,2022-04-29,2159.65,Carte
2310,540,2022-05-14,2159.65,Carte
2311,540,2022-05-29,2159.65,Cheque
2312,540,2022-06-13,2159.65,Cheque
2313,540,2022-06-28,2159.65,Cheque
2314,540,2022-07-13,2159.65,Virement
2315,540,2022-07-28,2159.65,Cheque
2316,540,2022-08-12,2159.65,Carte
2317,541,2025-01-12,52912.72,Especes
2318,542,2025-04-25,20326.67,Virement
2319,543,2024-12-08,29185.85,Virement
2320,543,2025-12-08,29185.85,Carte
2321,544,2026-07-07,1660.85,Carte
2322,544,2026-07-22,1660.85,Carte
2323,544,2026-08-06,1660.85,Cheque
2324,544,2026-08-21,1660.85,Carte
2325,544,2026-09-05,1660.85,Especes
2326,545,2022-01-22,28316.07,Especes
2327,546,2024-08-18,5145.55,Carte
2328,546,2025-08-18,5145.55,Especes
2329,547,2023-09-06,16488.04,Virement
2330,547,2023-10-21,16488.04,Especes
2331,547,2023-12-05,16488.04,Carte
2332,547,2024-01-19,16488.04,Cheque
2333,548,2025-01-27,1957.14,Carte
2334,548,2025-02-26,1957.14,Carte
2335,548,2025-03-28,1957.14,Virement
2336,548,2025-04-28,1957.14,Virement
2337,548,2025-05-28,1957.14,Especes
2338,548,2025-06-28,1957.14,Carte
2339,548,2025-07-28,1957.14,Virement
2340,548,2025-08-27,1957.14,Cheque
2341,548,2025-09-27,1957.14,Carte
2342,548,2025-10-27,1957.14,Especes
2343,548,2025-11-27,1957.14,Virement
2344,548,2025-12-27,1957.14,Cheque
2345,549,2022-12-01,13951.09,Carte
2346,549,2023-12-01,13951.09,Especes
2347,550,2022-06-12,7971.58,Especes
2348,550,2022-09-11,7971.58,Carte
2349,550,2022-12-11,7971.58,Especes
2350,550,2023-03-12,7971.58,Cheque
2351,551,2023-08-07,36002.44,Cheque
2352,552,2023-01-09,28031.79,Carte
2353,553,2025-12-05,27219.86,Virement
2354,554,2023-01-16,27695.15,Virement
2355,555,2023-04-22,5445.19,Carte
2356,555,2023-06-06,5445.19,Virement
2357,555,2023-07-21,5445.19,Carte
2358,555,2023-09-04,5445.19,Virement
2359,556,2026-05-29,11232.18,Cheque
2360,556,2026-08-28,11232.18,Carte
2361,557,2022-06-14,5980.67,Especes
2362,557,2022-09-12,5980.67,Virement
2363,558,2023-01-07,36870.97,Especes
2364,558,2023-04-07,36870.97,Carte
2365,559,2026-04-23,2183.61,Especes
2366,559,2026-06-22,2183.61,Virement
2367,559,2026-08-22,2183.61,Especes
2368,560,2023-02-12,24044.76,Especes
2369,560,2023-08-13,24044.76,Cheque
2370,561,2024-03-07,38836.42,Virement
2371,561,2025-03-07,38836.42,Especes
2372,562,2026-03-06,19220.84,Virement
2373,563,2024-01-09,7829.69,Especes
2374,563,2024-02-23,7829.69,Cheque
2375,563,2024-04-08,7829.69,Especes
2376,563,2024-05-23,7829.69,Carte
2377,564,2023-10-27,2503.47,Especes
2378,564,2023-11-11,2503.47,Especes
2379,564,2023-11-26,2503.47,Especes
2380,564,2023-12-11,2503.47,Cheque
2381,564,2023-12-26,2503.47,Virement
2382,564,2024-01-10,2503.47,Carte
2383,564,2024-01-25,2503.47,Cheque
2384,564,2024-02-09,2503.47,Virement
2385,564,2024-02-24,2503.47,Virement
2386,564,2024-03-10,2503.47,Cheque
2387,564,2024-03-25,2503.47,Especes
2388,564,2024-04-09,2503.47,Especes
2389,565,2022-01-19,11844.54,Especes
2390,565,2022-04-19,11844.54,Especes
2391,566,2024-01-31,14715.5,Virement
2392,567,2026-04-05,3025.46,Virement
2393,568,2022-09-15,2122.53,Especes
2394,568,2022-10-15,2122.53,Carte
2395,568,2022-11-14,2122.53,Carte
2396,568,2022-12-15,2122.53,Virement
2397,568,2023-01-14,2122.53,Cheque
2398,568,2023-02-14,2122.53,Virement
2399,568,2023-03-16,2122.53,Cheque
2400,568,2023-04-15,2122.53,Especes
2401,568,2023-05-16,2122.53,Especes
2402,568,2023-06-15,2122.53,Cheque
2403,568,2023-07-16,2122.53,Carte
2404,568,2023-08-15,2122.53,Especes
2405,569,2026-07-08,35661.61,Especes
2406,570,2023-05-29,21103.16,Virement
2407,571,2023-01-24,2599.8,Cheque
2408,571,2023-03-25,2599.8,Especes
2409,571,2023-05-25,2599.8,Especes
2410,571,2023-07-25,2599.8,Carte
2411,571,2023-09-24,2599.8,Virement
2412,571,2023-11-24,2599.8,Especes
2413,571,2024-01-24,2599.8,Especes
2414,571,2024-03-24,2599.8,Virement
2415,571,2024-05-24,2599.8,Cheque
2416,571,2024-07-24,2599.8,Virement
2417,571,2024-09-23,2599.8,Carte
2418,571,2024-11-23,2599.8,Cheque
2419,572,2026-08-30,3500.55,Cheque
2420,573,2024-07-09,2510.36,Cheque
2421,573,2024-08-08,2510.36,Virement
2422,573,2024-09-07,2510.36,Especes
2423,573,2024-10-08,2510.36,Especes
2424,573,2024-11-07,2510.36,Especes
2425,573,2024-12-08,2510.36,Cheque
2426,573,2025-01-07,2510.36,Cheque
2427,573,2025-02-06,2510.36,Especes
2428,573,2025-03-09,2510.36,Carte
2429,573,2025-04-08,2510.36,Virement
2430,573,2025-05-09,2510.36,Carte
2431,573,2025-06-08,2510.36,Cheque
2432,574,2026-02-11,6081.33,Especes
2433,574,2026-02-26,6081.33,Cheque
2434,574,2026-03-13,6081.33,Carte
2435,574,2026-03-28,6081.33,Virement
2436,574,2026-04-12,6081.33,Virement
2437,574,2026-04-27,6081.33,Especes
2438,574,2026-05-12,6081.33,Virement
2439,574,2026-05-27,6081.33,Virement
2440,574,2026-06-11,6081.33,Virement
2441,574,2026-06-26,6081.33,Especes
2442,574,2026-07-11,6081.33,Carte
2443,574,2026-07-26,6081.33,Carte
2444,575,2023-10-19,2427.56,Virement
2445,575,2024-04-18,2427.56,Especes
2446,575,2024-10-18,2427.56,Cheque
2447,575,2025-04-18,2427.56,Cheque
2448,576,2024-12-09,10716.92,Cheque
2449,576,2025-12-09,10716.92,Carte
2450,577,2024-04-19,10635.42,Virement
2451,577,2025-04-19,10635.42,Virement
2452,578,2022-09-23,13576.79,Especes
2453,578,2022-11-07,13576.79,Carte
2454,578,2022-12-22,13576.79,Virement
2455,578,2023-02-05,13576.79,Virement
2456,579,2022-03-07,21939.42,Cheque
2457,579,2023-03-07,21939.42,Carte
2458,580,2022-04-11,8862.65,Virement
2459,580,2022-10-10,8862.65,Especes
2460,581,2022-06-13,68061.2,Cheque
2461,582,2026-08-11,33827.49,Especes
2462,583,2026-02-12,52550.54,Cheque
2463,584,2022-07-27,2116.32,Virement
2464,584,2022-09-25,2116.32,Cheque
2465,584,2022-11-25,2116.32,Cheque
2466,584,2023-01-25,2116.32,Cheque
2467,584,2023-03-27,2116.32,Virement
2468,584,2023-05-27,2116.32,Carte
2469,584,2023-07-27,2116.32,Cheque
2470,584,2023-09-25,2116.32,Virement
2471,584,2023-11-25,2116.32,Especes
2472,584,2024-01-25,2116.32,Virement
2473,584,2024-03-26,2116.32,Cheque
2474,584,2024-05-26,2116.32,Especes
2475,585,2025-03-13,8395.65,Cheque
2476,585,2025-09-11,8395.65,Cheque
2477,585,2026-03-13,8395.65,Carte
2478,586,2026-04-19,10236.34,Cheque
2479,587,2022-08-02,67547.7,Virement
2480,588,2024-12-29,9980.67,Virement
2481,588,2025-12-29,9980.67,Especes
2482,589,2024-02-01,9186.61,Especes
2483,589,2024-05-02,9186.61,Carte
2484,589,2024-08-01,9186.61,Cheque
2485,589,2024-10-31,9186.61,Carte
2486,590,2025-02-27,6888.03,Virement
2487,590,2026-02-27,6888.03,Cheque
2488,591,2024-01-08,12831.25,Carte
2489,591,2024-07-08,12831.25,Virement
2490,592,2025-05-05,7029.08,Cheque
2491,592,2025-06-19,7029.08,Carte
2492,592,2025-08-03,7029.08,Especes
2493,592,2025-09-17,7029.08,Cheque
2494,593,2023-03-31,19975.1,Cheque
2495,593,2023-06-29,19975.1,Virement
2496,594,2025-02-07,7367.83,Especes
2497,594,2025-08-08,7367.83,Cheque
2498,594,2026-02-07,7367.83,Cheque
2499,594,2026-08-08,7367.83,Carte
2500,595,2024-07-31,5506.2,Cheque
2501,595,2024-10-30,5506.2,Virement
2502,595,2025-01-29,5506.2,Virement
2503,595,2025-04-30,5506.2,Cheque
2504,596,2023-04-23,29899,Cheque
2505,597,2026-02-12,27536.67,Especes
2506,598,2025-05-04,28517.7,Cheque
2507,599,2026-05-17,56484.22,Virement
2508,600,2022-09-04,16215.18,Virement
2509,600,2022-10-19,16215.18,Cheque
2510,600,2022-12-03,16215.18,Cheque
2511,600,2023-01-17,16215.18,Carte
2512,601,2022-04-21,4288.58,Cheque
2513,601,2022-05-21,4288.58,Cheque
2514,601,2022-06-20,4288.58,Carte
2515,601,2022-07-21,4288.58,Especes
2516,601,2022-08-20,4288.58,Cheque
2517,601,2022-09-20,4288.58,Especes
2518,601,2022-10-20,4288.58,Carte
2519,601,2022-11-19,4288.58,Cheque
2520,601,2022-12-20,4288.58,Especes
2521,601,2023-01-19,4288.58,Cheque
2522,601,2023-02-19,4288.58,Especes
2523,601,2023-03-21,4288.58,Especes
2524,602,2024-10-25,17727.9,Virement
2525,603,2026-03-22,4542.94,Cheque
2526,603,2026-05-21,4542.94,Carte
2527,603,2026-07-21,4542.94,Virement
2528,604,2022-10-31,40170.09,Especes
2529,605,2023-06-22,10977.91,Virement
2530,605,2023-08-06,10977.91,Cheque
2531,605,2023-09-20,10977.91,Cheque
2532,605,2023-11-04,10977.91,Carte
2533,606,2024-09-11,1112.41,Especes
2534,606,2024-11-10,1112.41,Carte
2535,606,2025-01-10,1112.41,Carte
2536,606,2025-03-12,1112.41,Cheque
2537,606,2025-05-12,1112.41,Cheque
2538,606,2025-07-12,1112.41,Especes
2539,606,2025-09-11,1112.41,Carte
2540,606,2025-11-10,1112.41,Especes
2541,606,2026-01-10,1112.41,Especes
2542,606,2026-03-12,1112.41,Cheque
2543,606,2026-05-12,1112.41,Especes
2544,606,2026-07-12,1112.41,Especes
2545,607,2023-05-12,15188.94,Especes
2546,608,2022-08-19,16805.6,Especes
2547,608,2023-08-19,16805.6,Especes
2548,609,2025-05-01,903.94,Carte
2549,609,2025-06-30,903.94,Cheque
2550,609,2025-08-30,903.94,Especes
2551,609,2025-10-30,903.94,Especes
2552,609,2025-12-30,903.94,Carte
2553,609,2026-03-01,903.94,Carte
2554,609,2026-05-01,903.94,Especes
2555,609,2026-06-30,903.94,Carte
2556,609,2026-08-30,903.94,Cheque
2557,610,2025-06-30,23213.9,Virement
2558,610,2025-09-28,23213.9,Carte
2559,611,2022-11-16,39846.75,Virement
2560,612,2026-08-07,4185.4,Cheque
2561,613,2024-08-22,3326.05,Especes
2562,613,2024-09-06,3326.05,Especes
2563,613,2024-09-21,3326.05,Cheque
2564,613,2024-10-06,3326.05,Virement
2565,613,2024-10-21,3326.05,Cheque
2566,613,2024-11-05,3326.05,Carte
2567,613,2024-11-20,3326.05,Carte
2568,613,2024-12-05,3326.05,Especes
2569,613,2024-12-20,3326.05,Especes
2570,613,2025-01-04,3326.05,Carte
2571,613,2025-01-19,3326.05,Virement
2572,613,2025-02-03,3326.05,Carte
2573,614,2025-01-28,2650.54,Carte
2574,614,2025-02-27,2650.54,Especes
2575,614,2025-03-29,2650.54,Especes
2576,614,2025-04-29,2650.54,Cheque
2577,614,2025-05-29,2650.54,Cheque
2578,614,2025-06-29,2650.54,Carte
2579,614,2025-07-29,2650.54,Virement
2580,614,2025-08-28,2650.54,Especes
2581,614,2025-09-28,2650.54,Carte
2582,614,2025-10-28,2650.54,Cheque
2583,614,2025-11-28,2650.54,Carte
2584,614,2025-12-28,2650.54,Virement
2585,615,2024-02-11,13942.95,Especes
2586,615,2024-08-11,13942.95,Virement
2587,615,2025-02-10,13942.95,Carte
2588,615,2025-08-11,13942.95,Especes
2589,616,2023-08-05,4209.46,Virement
2590,616,2023-08-20,4209.46,Cheque
2591,616,2023-09-04,4209.46,Especes
2592,616,2023-09-19,4209.46,Virement
2593,616,2023-10-04,4209.46,Especes
2594,616,2023-10-19,4209.46,Carte
2595,616,2023-11-03,4209.46,Cheque
2596,616,2023-11-18,4209.46,Virement
2597,616,2023-12-03,4209.46,Especes
2598,616,2023-12-18,4209.46,Especes
2599,616,2024-01-02,4209.46,Carte
2600,616,2024-01-17,4209.46,Cheque
2601,617,2022-05-17,22358.39,Carte
2602,617,2022-11-15,22358.39,Cheque
2603,618,2022-08-09,10118.67,Especes
2604,618,2022-11-07,10118.67,Especes
2605,619,2024-11-07,2164.68,Especes
2606,619,2025-01-06,2164.68,Carte
2607,619,2025-03-08,2164.68,Virement
2608,619,2025-05-08,2164.68,Virement
2609,619,2025-07-08,2164.68,Carte
2610,619,2025-09-07,2164.68,Especes
2611,619,2025-11-07,2164.68,Virement
2612,619,2026-01-06,2164.68,Carte
2613,619,2026-03-08,2164.68,Especes
2614,619,2026-05-08,2164.68,Cheque
2615,619,2026-07-08,2164.68,Cheque
2616,620,2023-01-17,9382.32,Cheque
2617,620,2023-03-03,9382.32,Cheque
2618,620,2023-04-17,9382.32,Carte
2619,620,2023-06-01,9382.32,Especes
2620,621,2022-03-23,14125.54,Especes
2621,621,2022-05-07,14125.54,Especes
2622,621,2022-06-21,14125.54,Cheque
2623,621,2022-08-05,14125.54,Virement
2624,622,2022-02-07,2206.37,Cheque
2625,622,2022-03-09,2206.37,Virement
2626,622,2022-04-08,2206.37,Virement
2627,622,2022-05-09,2206.37,Cheque
2628,622,2022-06-08,2206.37,Especes
2629,622,2022-07-09,2206.37,Cheque
2630,622,2022-08-08,2206.37,Carte
2631,622,2022-09-07,2206.37,Carte
2632,622,2022-10-08,2206.37,Cheque
2633,622,2022-11-07,2206.37,Especes
2634,622,2022-12-08,2206.37,Carte
2635,622,2023-01-07,2206.37,Virement
2636,623,2026-07-21,7975.68,Especes
2637,623,2026-09-04,7975.68,Especes
2638,624,2023-04-07,5490.63,Cheque
2639,624,2023-05-22,5490.63,Cheque
2640,624,2023-07-06,5490.63,Carte
2641,624,2023-08-20,5490.63,Virement
2642,625,2024-12-02,28373.45,Especes
2643,625,2025-12-02,28373.45,Cheque
2644,626,2025-03-19,1626.21,Carte
2645,626,2025-04-03,1626.21,Especes
2646,626,2025-04-18,1626.21,Cheque
2647,626,2025-05-03,1626.21,Virement
2648,626,2025-05-18,1626.21,Cheque
2649,626,2025-06-02,1626.21,Virement
2650,626,2025-06-17,1626.21,Cheque
2651,626,2025-07-02,1626.21,Carte
2652,626,2025-07-17,1626.21,Carte
2653,626,2025-08-01,1626.21,Cheque
2654,626,2025-08-16,1626.21,Virement
2655,626,2025-08-31,1626.21,Virement
2656,627,2025-01-15,32405.44,Especes
2657,628,2022-10-10,13295.18,Virement
2658,628,2023-04-10,13295.18,Cheque
2659,629,2026-04-27,4947.83,Especes
2660,629,2026-05-12,4947.83,Virement
2661,629,2026-05-27,4947.83,Cheque
2662,629,2026-06-11,4947.83,Especes
2663,629,2026-06-26,4947.83,Especes
2664,629,2026-07-11,4947.83,Especes
2665,629,2026-07-26,4947.83,Carte
2666,629,2026-08-10,4947.83,Especes
2667,629,2026-08-25,4947.83,Cheque
2668,630,2025-02-15,28843.53,Cheque
2669,630,2026-02-15,28843.53,Cheque
2670,631,2026-04-17,4550.49,Especes
2671,631,2026-05-17,4550.49,Cheque
2672,631,2026-06-16,4550.49,Virement
2673,631,2026-07-17,4550.49,Virement
2674,631,2026-08-16,4550.49,Cheque
2675,632,2026-03-08,18998.75,Carte
2676,633,2022-09-27,4044.73,Cheque
2677,633,2022-11-11,4044.73,Virement
2678,633,2022-12-26,4044.73,Carte
2679,633,2023-02-09,4044.73,Cheque
2680,634,2025-05-06,1186.22,Cheque
2681,634,2025-05-21,1186.22,Cheque
2682,634,2025-06-05,1186.22,Virement
2683,634,2025-06-20,1186.22,Carte
2684,634,2025-07-05,1186.22,Virement
2685,634,2025-07-20,1186.22,Virement
2686,634,2025-08-04,1186.22,Carte
2687,634,2025-08-19,1186.22,Cheque
2688,634,2025-09-03,1186.22,Carte
2689,634,2025-09-18,1186.22,Especes
2690,634,2025-10-03,1186.22,Virement
2691,634,2025-10-18,1186.22,Virement
2692,635,2022-10-02,5897.36,Carte
2693,635,2022-12-01,5897.36,Especes
2694,635,2023-01-31,5897.36,Carte
2695,635,2023-04-02,5897.36,Cheque
2696,635,2023-06-02,5897.36,Virement
2697,635,2023-08-02,5897.36,Virement
2698,635,2023-10-02,5897.36,Cheque
2699,635,2023-12-01,5897.36,Especes
2700,635,2024-01-31,5897.36,Virement
2701,635,2024-04-01,5897.36,Virement
2702,635,2024-06-01,5897.36,Cheque
2703,635,2024-08-01,5897.36,Virement
2704,636,2024-03-04,5198.47,Virement
2705,636,2024-06-03,5198.47,Especes
2706,636,2024-09-02,5198.47,Carte
2707,636,2024-12-02,5198.47,Carte
2708,637,2026-04-15,37763.05,Cheque
2709,637,2026-07-14,37763.05,Cheque
2710,638,2026-04-01,4892.84,Cheque
2711,638,2026-06-30,4892.84,Virement
2712,639,2025-11-09,36003.25,Cheque
2713,639,2026-05-10,36003.25,Carte
2714,640,2025-05-30,13023.69,Virement
2715,640,2025-11-28,13023.69,Virement
2716,640,2026-05-30,13023.69,Cheque
2717,641,2024-12-02,35322.43,Carte
2718,642,2026-02-14,53462.06,Cheque
2719,643,2023-08-20,1562.26,Cheque
2720,643,2023-09-19,1562.26,Carte
2721,643,2023-10-19,1562.26,Cheque
2722,643,2023-11-19,1562.26,Especes
2723,643,2023-12-19,1562.26,Carte
2724,643,2024-01-19,1562.26,Carte
2725,643,2024-02-18,1562.26,Cheque
2726,643,2024-03-19,1562.26,Cheque
2727,643,2024-04-19,1562.26,Carte
2728,643,2024-05-19,1562.26,Especes
2729,643,2024-06-19,1562.26,Cheque
2730,643,2024-07-19,1562.26,Carte
2731,644,2022-12-07,9416.3,Cheque
2732,644,2023-03-08,9416.3,Cheque
2733,644,2023-06-07,9416.3,Cheque
2734,644,2023-09-06,9416.3,Carte
2735,645,2024-08-07,20195.85,Virement
2736,646,2024-03-16,4183.36,Carte
2737,646,2024-06-15,4183.36,Virement
2738,646,2024-09-14,4183.36,Especes
2739,646,2024-12-14,4183.36,Cheque
2740,647,2024-07-20,3688.05,Virement
2741,647,2024-09-03,3688.05,Virement
2742,647,2024-10-18,3688.05,Cheque
2743,647,2024-12-02,3688.05,Virement
2744,648,2026-01-11,2833.92,Carte
2745,648,2026-07-12,2833.92,Especes
2746,649,2022-06-24,34754.77,Cheque
2747,650,2024-02-15,1523.03,Virement
2748,650,2024-04-15,1523.03,Especes
2749,650,2024-06-15,1523.03,Especes
2750,650,2024-08-15,1523.03,Especes
2751,650,2024-10-15,1523.03,Cheque
2752,650,2024-12-15,1523.03,Especes
2753,650,2025-02-14,1523.03,Cheque
2754,650,2025-04-15,1523.03,Especes
2755,650,2025-06-15,1523.03,Especes
2756,650,2025-08-15,1523.03,Carte
2757,650,2025-10-15,1523.03,Virement
2758,650,2025-12-15,1523.03,Virement
2759,651,2022-11-29,3207.35,Carte
2760,651,2023-01-13,3207.35,Virement
2761,651,2023-02-27,3207.35,Especes
2762,651,2023-04-13,3207.35,Especes
2763,652,2026-02-04,5026.83,Especes
2764,652,2026-05-06,5026.83,Virement
2765,652,2026-08-05,5026.83,Especes
2766,653,2022-01-08,2388.81,Cheque
2767,653,2022-03-09,2388.81,Especes
2768,653,2022-05-09,2388.81,Virement
2769,653,2022-07-09,2388.81,Virement
2770,653,2022-09-08,2388.81,Virement
2771,653,2022-11-08,2388.81,Especes
2772,653,2023-01-08,2388.81,Cheque
2773,653,2023-03-09,2388.81,Especes
2774,653,2023-05-09,2388.81,Virement
2775,653,2023-07-09,2388.81,Carte
2776,653,2023-09-08,2388.81,Virement
2777,653,2023-11-08,2388.81,Especes
2778,654,2025-05-30,12852.26,Carte
2779,654,2025-11-28,12852.26,Especes
2780,655,2024-06-23,14018.25,Cheque
2781,655,2024-08-07,14018.25,Cheque
2782,655,2024-09-21,14018.25,Virement
2783,655,2024-11-05,14018.25,Especes
2784,656,2025-06-23,14757.1,Especes
2785,656,2026-06-23,14757.1,Especes
2786,657,2022-04-23,1451.96,Cheque
2787,657,2022-06-22,1451.96,Virement
2788,657,2022-08-22,1451.96,Cheque
2789,657,2022-10-22,1451.96,Virement
2790,657,2022-12-22,1451.96,Cheque
2791,657,2023-02-21,1451.96,Cheque
2792,657,2023-04-23,1451.96,Carte
2793,657,2023-06-22,1451.96,Carte
2794,657,2023-08-22,1451.96,Especes
2795,657,2023-10-22,1451.96,Virement
2796,657,2023-12-22,1451.96,Especes
2797,657,2024-02-21,1451.96,Virement
2798,658,2023-11-10,5858.05,Virement
2799,658,2024-02-08,5858.05,Especes
2800,659,2025-06-05,34202.98,Virement
2801,660,2024-07-21,5908.02,Cheque
2802,660,2025-01-19,5908.02,Cheque
2803,660,2025-07-21,5908.02,Carte
2804,660,2026-01-19,5908.02,Virement
2805,661,2023-10-24,20706.77,Especes
2806,661,2024-04-23,20706.77,Carte
2807,662,2023-08-23,1754.55,Carte
2808,662,2023-09-22,1754.55,Especes
2809,662,2023-10-22,1754.55,Carte
2810,662,2023-11-22,1754.55,Especes
2811,662,2023-12-22,1754.55,Carte
2812,662,2024-01-22,1754.55,Carte
2813,662,2024-02-21,1754.55,Cheque
2814,662,2024-03-22,1754.55,Virement
2815,662,2024-04-22,1754.55,Virement
2816,662,2024-05-22,1754.55,Especes
2817,662,2024-06-22,1754.55,Virement
2818,662,2024-07-22,1754.55,Virement
2819,663,2024-12-10,30874.88,Cheque
2820,663,2025-03-10,30874.88,Virement
2821,664,2024-09-17,45989.44,Especes
2822,665,2025-05-31,8894.9,Carte
2823,665,2025-08-30,8894.9,Virement
2824,665,2025-11-29,8894.9,Carte
2825,665,2026-02-28,8894.9,Virement
2826,666,2025-06-12,5350.68,Carte
2827,666,2025-12-11,5350.68,Virement
2828,666,2026-06-12,5350.68,Virement
2829,667,2025-06-02,13565.92,Cheque
2830,667,2025-08-31,13565.92,Cheque
2831,668,2024-08-10,50852.96,Carte
2832,669,2024-04-27,10006.89,Carte
2833,669,2024-06-11,10006.89,Virement
2834,669,2024-07-26,10006.89,Cheque
2835,669,2024-09-09,10006.89,Carte
2836,670,2025-08-04,3837.56,Carte
2837,670,2025-08-19,3837.56,Cheque
2838,670,2025-09-03,3837.56,Virement
2839,670,2025-09-18,3837.56,Carte
2840,670,2025-10-03,3837.56,Virement
2841,670,2025-10-18,3837.56,Cheque
2842,670,2025-11-02,3837.56,Especes
2843,670,2025-11-17,3837.56,Carte
2844,670,2025-12-02,3837.56,Cheque
2845,670,2025-12-17,3837.56,Carte
2846,670,2026-01-01,3837.56,Cheque
2847,670,2026-01-16,3837.56,Virement
2848,671,2024-11-03,1778.11,Carte
2849,671,2025-01-02,1778.11,Especes
2850,671,2025-03-04,1778.11,Cheque
2851,671,2025-05-04,1778.11,Especes
2852,671,2025-07-04,1778.11,Cheque
2853,671,2025-09-03,1778.11,Virement
2854,671,2025-11-03,1778.11,Especes
2855,671,2026-01-02,1778.11,Cheque
2856,671,2026-03-04,1778.11,Especes
2857,671,2026-05-04,1778.11,Especes
2858,671,2026-07-04,1778.11,Especes
2859,671,2026-09-03,1778.11,Virement
2860,672,2024-03-22,7478.06,Especes
2861,672,2024-09-20,7478.06,Especes
2862,672,2025-03-22,7478.06,Cheque
2863,672,2025-09-20,7478.06,Carte
2864,673,2023-11-08,16450.78,Cheque
2865,673,2024-05-08,16450.78,Carte
2866,674,2024-09-13,6233.6,Cheque
2867,674,2024-10-28,6233.6,Cheque
2868,674,2024-12-12,6233.6,Virement
2869,674,2025-01-26,6233.6,Virement
2870,675,2026-05-25,75667.4,Cheque
2871,676,2025-02-11,2663.79,Carte
2872,676,2025-08-12,2663.79,Cheque
2873,676,2026-02-11,2663.79,Especes
2874,676,2026-08-12,2663.79,Virement
2875,677,2022-11-02,26416.63,Carte
2876,677,2023-05-03,26416.63,Virement
2877,678,2025-03-15,9259.15,Especes
2878,678,2026-03-15,9259.15,Especes
2879,679,2025-12-15,8711.1,Cheque
2880,679,2026-03-16,8711.1,Carte
2881,679,2026-06-15,8711.1,Especes
2882,680,2024-02-01,15197.67,Virement
2883,680,2024-08-01,15197.67,Especes
2884,681,2022-08-18,14596.75,Virement
2885,681,2023-02-16,14596.75,Cheque
2886,682,2024-11-02,33970.76,Virement
2887,682,2025-01-31,33970.76,Virement
2888,683,2024-09-17,10146.44,Cheque
2889,683,2025-03-18,10146.44,Cheque
2890,683,2025-09-17,10146.44,Especes
2891,683,2026-03-18,10146.44,Virement
2892,684,2026-08-11,11363.07,Cheque
2893,685,2024-03-04,17972.15,Especes
2894,685,2024-09-02,17972.15,Virement
2895,685,2025-03-04,17972.15,Especes
2896,685,2025-09-02,17972.15,Especes
2897,686,2023-11-14,13753.34,Especes
2898,686,2024-02-13,13753.34,Cheque
2899,686,2024-05-14,13753.34,Especes
2900,686,2024-08-13,13753.34,Cheque
2901,687,2022-02-16,3045.61,Cheque
2902,687,2022-04-17,3045.61,Carte
2903,687,2022-06-17,3045.61,Cheque
2904,687,2022-08-17,3045.61,Carte
2905,687,2022-10-17,3045.61,Cheque
2906,687,2022-12-17,3045.61,Especes
2907,687,2023-02-16,3045.61,Virement
2908,687,2023-04-17,3045.61,Cheque
2909,687,2023-06-17,3045.61,Especes
2910,687,2023-08-17,3045.61,Carte
2911,687,2023-10-17,3045.61,Virement
2912,687,2023-12-17,3045.61,Virement
2913,688,2023-01-30,3867.39,Especes
2914,688,2023-05-01,3867.39,Especes
2915,688,2023-07-31,3867.39,Carte
2916,688,2023-10-30,3867.39,Especes
2917,689,2023-07-13,1840.61,Cheque
2918,689,2023-07-28,1840.61,Especes
2919,689,2023-08-12,1840.61,Virement
2920,689,2023-08-27,1840.61,Virement
2921,689,2023-09-11,1840.61,Cheque
2922,689,2023-09-26,1840.61,Especes
2923,689,2023-10-11,1840.61,Carte
2924,689,2023-10-26,1840.61,Carte
2925,689,2023-11-10,1840.61,Virement
2926,689,2023-11-25,1840.61,Virement
2927,689,2023-12-10,1840.61,Especes
2928,689,2023-12-25,1840.61,Cheque
2929,690,2023-02-28,2563.69,Carte
2930,690,2023-04-29,2563.69,Cheque
2931,690,2023-06-29,2563.69,Cheque
2932,690,2023-08-29,2563.69,Virement
2933,690,2023-10-29,2563.69,Especes
2934,690,2023-12-29,2563.69,Cheque
2935,690,2024-02-28,2563.69,Carte
2936,690,2024-04-28,2563.69,Carte
2937,690,2024-06-28,2563.69,Carte
2938,690,2024-08-28,2563.69,Especes
2939,690,2024-10-28,2563.69,Especes
2940,690,2024-12-28,2563.69,Especes
2941,691,2025-03-21,1332.88,Especes
2942,691,2025-04-05,1332.88,Carte
2943,691,2025-04-20,1332.88,Cheque
2944,691,2025-05-05,1332.88,Virement
2945,691,2025-05-20,1332.88,Carte
2946,691,2025-06-04,1332.88,Especes
2947,691,2025-06-19,1332.88,Cheque
2948,691,2025-07-04,1332.88,Virement
2949,691,2025-07-19,1332.88,Virement
2950,691,2025-08-03,1332.88,Especes
2951,691,2025-08-18,1332.88,Virement
2952,691,2025-09-02,1332.88,Carte
2953,692,2022-04-14,1811.63,Virement
2954,692,2022-04-29,1811.63,Especes
2955,692,2022-05-14,1811.63,Especes
2956,692,2022-05-29,1811.63,Especes
2957,692,2022-06-13,1811.63,Carte
2958,692,2022-06-28,1811.63,Virement
2959,692,2022-07-13,1811.63,Carte
2960,692,2022-07-28,1811.63,Especes
2961,692,2022-08-12,1811.63,Especes
2962,692,2022-08-27,1811.63,Cheque
2963,692,2022-09-11,1811.63,Virement
2964,692,2022-09-26,1811.63,Virement
2965,693,2022-04-21,11396.99,Cheque
2966,693,2022-06-05,11396.99,Virement
2967,693,2022-07-20,11396.99,Cheque
2968,693,2022-09-03,11396.99,Especes
2969,694,2025-06-16,9686.61,Virement
2970,694,2025-09-15,9686.61,Especes
2971,694,2025-12-15,9686.61,Especes
2972,694,2026-03-16,9686.61,Carte
2973,695,2026-03-28,20275.26,Carte
2974,696,2022-07-19,3218.62,Cheque
2975,696,2022-08-18,3218.62,Cheque
2976,696,2022-09-17,3218.62,Cheque
2977,696,2022-10-18,3218.62,Carte
2978,696,2022-11-17,3218.62,Carte
2979,696,2022-12-18,3218.62,Especes
2980,696,2023-01-17,3218.62,Carte
2981,696,2023-02-16,3218.62,Cheque
2982,696,2023-03-19,3218.62,Carte
2983,696,2023-04-18,3218.62,Especes
2984,696,2023-05-19,3218.62,Cheque
2985,696,2023-06-18,3218.62,Especes
2986,697,2023-04-20,7155.82,Carte
2987,697,2023-06-04,7155.82,Carte
2988,697,2023-07-19,7155.82,Carte
2989,697,2023-09-02,7155.82,Carte
2990,698,2023-01-11,37517.93,Carte
2991,698,2024-01-11,37517.93,Cheque
2992,699,2024-09-25,11960.95,Carte
2993,699,2024-12-24,11960.95,Cheque
2994,700,2023-08-02,6079.97,Cheque
2995,700,2023-11-01,6079.97,Cheque
2996,700,2024-01-31,6079.97,Virement
2997,700,2024-05-01,6079.97,Especes
2998,701,2023-10-30,44225.31,Virement
2999,702,2025-04-24,8578.63,Cheque
3000,702,2025-07-24,8578.63,Cheque
3001,702,2025-10-23,8578.63,Carte
3002,702,2026-01-22,8578.63,Cheque
3003,703,2022-05-16,8123.57,Carte
3004,703,2022-08-15,8123.57,Cheque
3005,703,2022-11-14,8123.57,Carte
3006,703,2023-02-13,8123.57,Carte
3007,704,2025-01-20,9132.7,Especes
3008,704,2026-01-20,9132.7,Cheque
3009,705,2022-08-23,27882.26,Especes
3010,705,2023-08-23,27882.26,Virement
3011,706,2023-09-23,2469.85,Cheque
3012,706,2023-12-23,2469.85,Virement
3013,706,2024-03-23,2469.85,Especes
3014,706,2024-06-22,2469.85,Virement
3015,707,2023-11-02,29349.67,Virement
3016,707,2024-05-02,29349.67,Virement
3017,708,2026-03-31,11184.92,Virement
3018,708,2026-05-15,11184.92,Carte
3019,708,2026-06-29,11184.92,Carte
3020,708,2026-08-13,11184.92,Carte
3021,709,2023-02-05,30445.51,Especes
3022,709,2023-05-06,30445.51,Carte
3023,710,2024-06-09,11097.58,Especes
3024,710,2024-12-08,11097.58,Virement
3025,710,2025-06-09,11097.58,Virement
3026,710,2025-12-08,11097.58,Virement
3027,711,2025-06-06,8297.22,Virement
3028,711,2025-12-05,8297.22,Cheque
3029,711,2026-06-06,8297.22,Especes
3030,712,2025-01-29,5014.76,Virement
3031,712,2025-04-29,5014.76,Especes
3032,713,2022-03-05,25110.04,Virement
3033,714,2024-04-11,3842.62,Carte
3034,714,2024-05-11,3842.62,Cheque
3035,714,2024-06-10,3842.62,Carte
3036,714,2024-07-11,3842.62,Cheque
3037,714,2024-08-10,3842.62,Virement
3038,714,2024-09-10,3842.62,Cheque
3039,714,2024-10-10,3842.62,Carte
3040,714,2024-11-09,3842.62,Cheque
3041,714,2024-12-10,3842.62,Cheque
3042,714,2025-01-09,3842.62,Cheque
3043,714,2025-02-09,3842.62,Virement
3044,714,2025-03-11,3842.62,Virement
3045,715,2023-01-21,1532.01,Carte
3046,715,2023-03-22,1532.01,Carte
3047,715,2023-05-22,1532.01,Virement
3048,715,2023-07-22,1532.01,Carte
3049,715,2023-09-21,1532.01,Virement
3050,715,2023-11-21,1532.01,Virement
3051,715,2024-01-21,1532.01,Carte
3052,715,2024-03-21,1532.01,Cheque
3053,715,2024-05-21,1532.01,Especes
3054,715,2024-07-21,1532.01,Especes
3055,715,2024-09-20,1532.01,Cheque
3056,715,2024-11-20,1532.01,Virement
3057,716,2023-08-14,5694.91,Carte
3058,716,2024-08-13,5694.91,Especes
3059,717,2026-01-17,2147,Especes
3060,717,2026-02-16,2147,Carte
3061,717,2026-03-18,2147,Cheque
3062,717,2026-04-18,2147,Carte
3063,717,2026-05-18,2147,Carte
3064,717,2026-06-18,2147,Cheque
3065,717,2026-07-18,2147,Cheque
3066,717,2026-08-17,2147,Cheque
3067,718,2025-08-08,31224.12,Especes
3068,719,2025-06-30,11815.92,Especes
3069,719,2025-08-14,11815.92,Carte
3070,719,2025-09-28,11815.92,Cheque
3071,719,2025-11-12,11815.92,Especes
3072,720,2023-12-29,15573.73,Carte
3073,720,2024-03-28,15573.73,Cheque
3074,721,2025-12-29,1272.48,Carte
3075,721,2026-02-27,1272.48,Especes
3076,721,2026-04-29,1272.48,Especes
3077,721,2026-06-29,1272.48,Carte
3078,721,2026-08-29,1272.48,Virement
3079,722,2022-03-19,18373.53,Virement
3080,722,2023-03-19,18373.53,Carte
3081,723,2022-10-18,23954.1,Virement
3082,723,2023-10-18,23954.1,Virement
3083,724,2024-08-10,1061.52,Carte
3084,724,2024-10-09,1061.52,Carte
3085,724,2024-12-09,1061.52,Virement
3086,724,2025-02-08,1061.52,Especes
3087,724,2025-04-10,1061.52,Especes
3088,724,2025-06-10,1061.52,Cheque
3089,724,2025-08-10,1061.52,Virement
3090,724,2025-10-09,1061.52,Cheque
3091,724,2025-12-09,1061.52,Virement
3092,724,2026-02-08,1061.52,Virement
3093,724,2026-04-10,1061.52,Virement
3094,724,2026-06-10,1061.52,Virement
3095,725,2025-07-15,14956.06,Carte
3096,725,2026-01-13,14956.06,Virement
3097,725,2026-07-15,14956.06,Carte
3098,726,2025-06-09,3468.79,Virement
3099,726,2025-06-24,3468.79,Especes
3100,726,2025-07-09,3468.79,Cheque
3101,726,2025-07-24,3468.79,Especes
3102,726,2025-08-08,3468.79,Especes
3103,726,2025-08-23,3468.79,Especes
3104,726,2025-09-07,3468.79,Carte
3105,726,2025-09-22,3468.79,Carte
3106,726,2025-10-07,3468.79,Especes
3107,726,2025-10-22,3468.79,Carte
3108,726,2025-11-06,3468.79,Cheque
3109,726,2025-11-21,3468.79,Carte
3110,727,2024-11-15,27218.96,Cheque
3111,727,2025-05-16,27218.96,Carte
3112,728,2022-12-10,2860.57,Virement
3113,728,2022-12-25,2860.57,Virement
3114,728,2023-01-09,2860.57,Carte
3115,728,2023-01-24,2860.57,Carte
3116,728,2023-02-08,2860.57,Especes
3117,728,2023-02-23,2860.57,Virement
3118,728,2023-03-10,2860.57,Carte
3119,728,2023-03-25,2860.57,Cheque
3120,728,2023-04-09,2860.57,Carte
3121,728,2023-04-24,2860.57,Carte
3122,728,2023-05-09,2860.57,Cheque
3123,728,2023-05-24,2860.57,Cheque
3124,729,2022-05-06,2213.38,Cheque
3125,729,2022-07-05,2213.38,Virement
3126,729,2022-09-04,2213.38,Carte
3127,729,2022-11-04,2213.38,Especes
3128,729,2023-01-04,2213.38,Cheque
3129,729,2023-03-06,2213.38,Cheque
3130,729,2023-05-06,2213.38,Especes
3131,729,2023-07-05,2213.38,Virement
3132,729,2023-09-04,2213.38,Especes
3133,729,2023-11-04,2213.38,Especes
3134,729,2024-01-04,2213.38,Carte
3135,729,2024-03-05,2213.38,Cheque
3136,730,2026-07-15,2654.26,Virement
3137,731,2026-05-25,13171.15,Virement
3138,732,2026-02-27,21085.99,Virement
3139,732,2026-05-28,21085.99,Virement
3140,733,2024-01-28,35675.16,Carte
3141,734,2023-12-04,4877.55,Especes
3142,734,2023-12-19,4877.55,Carte
3143,734,2024-01-03,4877.55,Virement
3144,734,2024-01-18,4877.55,Virement
3145,734,2024-02-02,4877.55,Especes
3146,734,2024-02-17,4877.55,Virement
3147,734,2024-03-03,4877.55,Especes
3148,734,2024-03-18,4877.55,Especes
3149,734,2024-04-02,4877.55,Cheque
3150,734,2024-04-17,4877.55,Especes
3151,734,2024-05-02,4877.55,Virement
3152,734,2024-05-17,4877.55,Especes
3153,735,2026-03-22,5518.51,Especes
3154,735,2026-04-21,5518.51,Virement
3155,735,2026-05-21,5518.51,Carte
3156,735,2026-06-21,5518.51,Cheque
3157,735,2026-07-21,5518.51,Carte
3158,735,2026-08-21,5518.51,Virement
3159,736,2023-03-08,13913.88,Carte
3160,736,2024-03-07,13913.88,Virement
3161,737,2022-04-18,35880.67,Virement
3162,738,2024-02-17,13525.7,Cheque
3163,738,2025-02-16,13525.7,Especes
3164,739,2022-01-25,75633.35,Cheque
3165,740,2022-07-19,3640.34,Especes
3166,740,2022-09-17,3640.34,Virement
3167,740,2022-11-17,3640.34,Cheque
3168,740,2023-01-17,3640.34,Cheque
3169,740,2023-03-19,3640.34,Virement
3170,740,2023-05-19,3640.34,Cheque
3171,740,2023-07-19,3640.34,Especes
3172,740,2023-09-17,3640.34,Cheque
3173,740,2023-11-17,3640.34,Carte
3174,740,2024-01-17,3640.34,Especes
3175,740,2024-03-18,3640.34,Especes
3176,740,2024-05-18,3640.34,Especes
3177,741,2023-11-18,9674.03,Especes
3178,741,2024-05-18,9674.03,Especes
3179,742,2024-08-02,5412.12,Cheque
3180,742,2024-10-01,5412.12,Carte
3181,742,2024-12-01,5412.12,Especes
3182,742,2025-01-31,5412.12,Especes
3183,742,2025-04-02,5412.12,Carte
3184,742,2025-06-02,5412.12,Especes
3185,742,2025-08-02,5412.12,Cheque
3186,742,2025-10-01,5412.12,Carte
3187,742,2025-12-01,5412.12,Virement
3188,742,2026-01-31,5412.12,Carte
3189,742,2026-04-02,5412.12,Virement
3190,742,2026-06-02,5412.12,Cheque
3191,743,2024-11-30,26298.39,Carte
3192,744,2025-10-09,13106.51,Virement
3193,744,2025-11-23,13106.51,Especes
3194,744,2026-01-07,13106.51,Especes
3195,744,2026-02-21,13106.51,Cheque
3196,745,2025-11-04,2568.19,Carte
3197,745,2025-12-04,2568.19,Virement
3198,745,2026-01-03,2568.19,Cheque
3199,745,2026-02-03,2568.19,Virement
3200,745,2026-03-05,2568.19,Virement
3201,745,2026-04-05,2568.19,Virement
3202,745,2026-05-05,2568.19,Carte
3203,745,2026-06-04,2568.19,Virement
3204,745,2026-07-05,2568.19,Especes
3205,745,2026-08-04,2568.19,Virement
3206,745,2026-09-04,2568.19,Carte
3207,746,2022-02-18,4784.34,Virement
3208,746,2022-08-19,4784.34,Virement
3209,746,2023-02-18,4784.34,Especes
3210,746,2023-08-19,4784.34,Virement
3211,747,2025-12-21,18887.39,Virement
3212,748,2022-08-16,6487.55,Virement
3213,748,2023-08-16,6487.55,Cheque
3214,749,2023-07-21,30766.65,Especes
3215,749,2024-01-19,30766.65,Carte
3216,750,2022-11-28,1642.09,Especes
3217,750,2022-12-13,1642.09,Cheque
3218,750,2022-12-28,1642.09,Cheque
3219,750,2023-01-12,1642.09,Cheque
3220,750,2023-01-27,1642.09,Cheque
3221,750,2023-02-11,1642.09,Especes
3222,750,2023-02-26,1642.09,Virement
3223,750,2023-03-13,1642.09,Especes
3224,750,2023-03-28,1642.09,Carte
3225,750,2023-04-12,1642.09,Carte
3226,750,2023-04-27,1642.09,Especes
3227,750,2023-05-12,1642.09,Especes
3228,751,2023-06-13,11503.42,Carte
3229,751,2023-12-12,11503.42,Carte
3230,752,2023-01-01,4126.95,Virement
3231,752,2023-03-02,4126.95,Virement
3232,752,2023-05-02,4126.95,Cheque
3233,752,2023-07-02,4126.95,Virement
3234,752,2023-09-01,4126.95,Virement
3235,752,2023-11-01,4126.95,Cheque
3236,752,2024-01-01,4126.95,Virement
3237,752,2024-03-01,4126.95,Cheque
3238,752,2024-05-01,4126.95,Cheque
3239,752,2024-07-01,4126.95,Virement
3240,752,2024-08-31,4126.95,Virement
3241,752,2024-10-31,4126.95,Especes
3242,753,2025-06-11,10868.74,Virement
3243,754,2022-05-30,10177.63,Virement
3244,754,2022-07-14,10177.63,Cheque
3245,754,2022-08-28,10177.63,Carte
3246,754,2022-10-12,10177.63,Virement
3247,755,2022-11-01,29210.06,Cheque
3248,755,2023-11-01,29210.06,Virement
3249,756,2022-11-07,5386.02,Especes
3250,756,2023-05-08,5386.02,Carte
3251,756,2023-11-07,5386.02,Carte
3252,756,2024-05-07,5386.02,Especes
3253,757,2024-09-06,44234.77,Cheque
3254,758,2022-01-07,16881.1,Cheque
3255,758,2022-07-08,16881.1,Especes
3256,759,2023-11-14,20598.98,Cheque
3257,760,2024-01-19,26700.19,Carte
3258,760,2025-01-18,26700.19,Especes
3259,761,2025-08-19,4045.41,Carte
3260,761,2025-10-03,4045.41,Cheque
3261,761,2025-11-17,4045.41,Especes
3262,761,2026-01-01,4045.41,Carte
3263,762,2023-09-05,1544.4,Cheque
3264,762,2023-11-04,1544.4,Virement
3265,762,2024-01-04,1544.4,Cheque
3266,762,2024-03-05,1544.4,Especes
3267,762,2024-05-05,1544.4,Virement
3268,762,2024-07-05,1544.4,Carte
3269,762,2024-09-04,1544.4,Carte
3270,762,2024-11-03,1544.4,Especes
3271,762,2025-01-03,1544.4,Virement
3272,762,2025-03-05,1544.4,Cheque
3273,762,2025-05-05,1544.4,Cheque
3274,762,2025-07-05,1544.4,Cheque
3275,763,2022-06-23,46279.02,Carte
3276,764,2026-01-14,6432.96,Especes
3277,764,2026-07-15,6432.96,Especes
3278,765,2024-10-20,10943.34,Cheque
3279,765,2025-04-20,10943.34,Especes
3280,765,2025-10-20,10943.34,Especes
3281,765,2026-04-20,10943.34,Carte
3282,766,2023-11-26,30197.34,Carte
3283,767,2026-07-11,2168.13,Virement
3284,768,2026-02-26,1190.88,Virement
3285,768,2026-04-27,1190.88,Cheque
3286,768,2026-06-27,1190.88,Especes
3287,768,2026-08-27,1190.88,Carte
3288,769,2025-09-01,4022.76,Cheque
3289,769,2025-09-16,4022.76,Cheque
3290,769,2025-10-01,4022.76,Carte
3291,769,2025-10-16,4022.76,Carte
3292,769,2025-10-31,4022.76,Carte
3293,769,2025-11-15,4022.76,Carte
3294,769,2025-11-30,4022.76,Carte
3295,769,2025-12-15,4022.76,Virement
3296,769,2025-12-30,4022.76,Especes
3297,769,2026-01-14,4022.76,Cheque
3298,769,2026-01-29,4022.76,Cheque
3299,769,2026-02-13,4022.76,Carte
3300,770,2022-01-30,6270.47,Cheque
3301,770,2022-03-16,6270.47,Cheque
3302,770,2022-04-30,6270.47,Carte
3303,770,2022-06-14,6270.47,Cheque
3304,771,2025-06-05,5843.43,Carte
3305,771,2025-06-20,5843.43,Virement
3306,771,2025-07-05,5843.43,Virement
3307,771,2025-07-20,5843.43,Carte
3308,771,2025-08-04,5843.43,Especes
3309,771,2025-08-19,5843.43,Carte
3310,771,2025-09-03,5843.43,Especes
3311,771,2025-09-18,5843.43,Cheque
3312,771,2025-10-03,5843.43,Carte
3313,771,2025-10-18,5843.43,Cheque
3314,771,2025-11-02,5843.43,Especes
3315,771,2025-11-17,5843.43,Especes
3316,772,2024-10-15,12740.72,Especes
3317,772,2025-04-15,12740.72,Virement
3318,772,2025-10-15,12740.72,Especes
3319,772,2026-04-15,12740.72,Cheque
3320,773,2023-11-22,60703.87,Especes
3321,774,2023-10-21,2386.18,Especes
3322,774,2023-11-05,2386.18,Virement
3323,774,2023-11-20,2386.18,Virement
3324,774,2023-12-05,2386.18,Especes
3325,774,2023-12-20,2386.18,Cheque
3326,774,2024-01-04,2386.18,Especes
3327,774,2024-01-19,2386.18,Virement
3328,774,2024-02-03,2386.18,Cheque
3329,774,2024-02-18,2386.18,Carte
3330,774,2024-03-04,2386.18,Especes
3331,774,2024-03-19,2386.18,Especes
3332,774,2024-04-03,2386.18,Virement
3333,775,2023-07-15,12272.44,Especes
3334,775,2023-08-29,12272.44,Carte
3335,775,2023-10-13,12272.44,Carte
3336,775,2023-11-27,12272.44,Cheque
3337,776,2024-06-17,8248.31,Cheque
3338,776,2024-08-01,8248.31,Virement
3339,776,2024-09-15,8248.31,Cheque
3340,776,2024-10-30,8248.31,Virement
3341,777,2026-05-12,5234.45,Cheque
3342,777,2026-06-26,5234.45,Especes
3343,777,2026-08-10,5234.45,Especes
3344,778,2022-07-02,2133.12,Especes
3345,778,2022-08-31,2133.12,Virement
3346,778,2022-10-31,2133.12,Virement
3347,778,2022-12-31,2133.12,Especes
3348,778,2023-03-02,2133.12,Carte
3349,778,2023-05-02,2133.12,Carte
3350,778,2023-07-02,2133.12,Virement
3351,778,2023-08-31,2133.12,Especes
3352,778,2023-10-31,2133.12,Especes
3353,778,2023-12-31,2133.12,Virement
3354,778,2024-03-01,2133.12,Cheque
3355,778,2024-05-01,2133.12,Carte
3356,779,2025-11-18,16184.81,Carte
3357,779,2026-02-16,16184.81,Carte
3358,780,2023-05-05,4719.36,Especes
3359,780,2023-05-20,4719.36,Virement
3360,780,2023-06-04,4719.36,Especes
3361,780,2023-06-19,4719.36,Especes
3362,780,2023-07-04,4719.36,Cheque
3363,780,2023-07-19,4719.36,Virement
3364,780,2023-08-03,4719.36,Cheque
3365,780,2023-08-18,4719.36,Carte
3366,780,2023-09-02,4719.36,Especes
3367,780,2023-09-17,4719.36,Carte
3368,780,2023-10-02,4719.36,Especes
3369,780,2023-10-17,4719.36,Virement
3370,781,2025-06-07,4802.62,Carte
3371,781,2025-06-22,4802.62,Virement
3372,781,2025-07-07,4802.62,Virement
3373,781,2025-07-22,4802.62,Especes
3374,781,2025-08-06,4802.62,Carte
3375,781,2025-08-21,4802.62,Cheque
3376,781,2025-09-05,4802.62,Virement
3377,781,2025-09-20,4802.62,Virement
3378,781,2025-10-05,4802.62,Virement
3379,781,2025-10-20,4802.62,Virement
3380,781,2025-11-04,4802.62,Cheque
3381,781,2025-11-19,4802.62,Virement
3382,782,2025-02-16,11817.82,Carte
3383,782,2025-05-17,11817.82,Especes
3384,783,2026-04-08,13881.97,Carte
3385,784,2023-07-21,1102.53,Cheque
3386,784,2023-08-05,1102.53,Cheque
3387,784,2023-08-20,1102.53,Virement
3388,784,2023-09-04,1102.53,Cheque
3389,784,2023-09-19,1102.53,Virement
3390,784,2023-10-04,1102.53,Cheque
3391,784,2023-10-19,1102.53,Cheque
3392,784,2023-11-03,1102.53,Especes
3393,784,2023-11-18,1102.53,Especes
3394,784,2023-12-03,1102.53,Especes
3395,784,2023-12-18,1102.53,Cheque
3396,784,2024-01-02,1102.53,Especes
3397,785,2022-12-28,15052.14,Virement
3398,785,2023-02-11,15052.14,Especes
3399,785,2023-03-28,15052.14,Especes
3400,785,2023-05-12,15052.14,Carte
3401,786,2023-03-06,9399.18,Especes
3402,786,2023-09-04,9399.18,Virement
3403,787,2022-03-30,32212.51,Carte
3404,787,2022-06-28,32212.51,Cheque
3405,788,2024-09-20,5055.73,Carte
3406,788,2025-03-21,5055.73,Virement
3407,788,2025-09-20,5055.73,Especes
3408,788,2026-03-21,5055.73,Virement
3409,789,2024-05-08,3012.34,Especes
3410,789,2024-05-23,3012.34,Carte
3411,789,2024-06-07,3012.34,Cheque
3412,789,2024-06-22,3012.34,Cheque
3413,789,2024-07-07,3012.34,Cheque
3414,789,2024-07-22,3012.34,Cheque
3415,789,2024-08-06,3012.34,Carte
3416,789,2024-08-21,3012.34,Virement
3417,789,2024-09-05,3012.34,Carte
3418,789,2024-09-20,3012.34,Cheque
3419,789,2024-10-05,3012.34,Carte
3420,789,2024-10-20,3012.34,Especes
3421,790,2023-10-30,1617.74,Virement
3422,790,2023-11-14,1617.74,Carte
3423,790,2023-11-29,1617.74,Especes
3424,790,2023-12-14,1617.74,Carte
3425,790,2023-12-29,1617.74,Especes
3426,790,2024-01-13,1617.74,Especes
3427,790,2024-01-28,1617.74,Carte
3428,790,2024-02-12,1617.74,Cheque
3429,790,2024-02-27,1617.74,Cheque
3430,790,2024-03-13,1617.74,Virement
3431,790,2024-03-28,1617.74,Cheque
3432,790,2024-04-12,1617.74,Virement
3433,791,2023-03-28,4021.62,Especes
3434,791,2023-04-12,4021.62,Especes
3435,791,2023-04-27,4021.62,Especes
3436,791,2023-05-12,4021.62,Virement
3437,791,2023-05-27,4021.62,Cheque
3438,791,2023-06-11,4021.62,Virement
3439,791,2023-06-26,4021.62,Especes
3440,791,2023-07-11,4021.62,Carte
3441,791,2023-07-26,4021.62,Carte
3442,791,2023-08-10,4021.62,Especes
3443,791,2023-08-25,4021.62,Carte
3444,791,2023-09-09,4021.62,Carte
3445,792,2023-03-19,20284.75,Cheque
3446,793,2025-07-18,17170.01,Virement
3447,793,2026-01-16,17170.01,Virement
3448,794,2023-07-29,9999.96,Virement
3449,794,2023-10-27,9999.96,Carte
3450,795,2023-03-27,2593.94,Carte
3451,795,2023-04-26,2593.94,Especes
3452,795,2023-05-26,2593.94,Carte
3453,795,2023-06-26,2593.94,Carte
3454,795,2023-07-26,2593.94,Cheque
3455,795,2023-08-26,2593.94,Cheque
3456,795,2023-09-25,2593.94,Cheque
3457,795,2023-10-25,2593.94,Cheque
3458,795,2023-11-25,2593.94,Cheque
3459,795,2023-12-25,2593.94,Virement
3460,795,2024-01-25,2593.94,Especes
3461,795,2024-02-24,2593.94,Virement
3462,796,2025-03-29,31085.11,Especes
3463,797,2023-03-20,12102.33,Virement
3464,797,2023-09-18,12102.33,Cheque
3465,797,2024-03-19,12102.33,Especes
3466,797,2024-09-17,12102.33,Cheque
3467,798,2026-02-16,34869.89,Virement
3468,799,2025-03-20,4819.96,Cheque
3469,799,2025-05-04,4819.96,Virement
3470,799,2025-06-18,4819.96,Virement
3471,799,2025-08-02,4819.96,Especes
3472,800,2024-05-21,32744.41,Especes
3473,801,2024-10-11,2082.12,Carte
3474,801,2024-10-26,2082.12,Especes
3475,801,2024-11-10,2082.12,Carte
3476,801,2024-11-25,2082.12,Carte
3477,801,2024-12-10,2082.12,Carte
3478,801,2024-12-25,2082.12,Especes
3479,801,2025-01-09,2082.12,Carte
3480,801,2025-01-24,2082.12,Virement
3481,801,2025-02-08,2082.12,Carte
3482,801,2025-02-23,2082.12,Carte
3483,801,2025-03-10,2082.12,Carte
3484,801,2025-03-25,2082.12,Especes
3485,802,2023-03-23,3458.69,Especes
3486,802,2023-04-07,3458.69,Carte
3487,802,2023-04-22,3458.69,Especes
3488,802,2023-05-07,3458.69,Carte
3489,802,2023-05-22,3458.69,Virement
3490,802,2023-06-06,3458.69,Virement
3491,802,2023-06-21,3458.69,Cheque
3492,802,2023-07-06,3458.69,Virement
3493,802,2023-07-21,3458.69,Virement
3494,802,2023-08-05,3458.69,Especes
3495,802,2023-08-20,3458.69,Carte
3496,802,2023-09-04,3458.69,Virement
3497,803,2025-10-02,7427.04,Virement
3498,803,2026-01-01,7427.04,Cheque
3499,803,2026-04-02,7427.04,Virement
3500,803,2026-07-02,7427.04,Virement
3501,804,2024-07-20,4144.38,Carte
3502,804,2024-08-19,4144.38,Carte
3503,804,2024-09-18,4144.38,Carte
3504,804,2024-10-19,4144.38,Especes
3505,804,2024-11-18,4144.38,Especes
3506,804,2024-12-19,4144.38,Carte
3507,804,2025-01-18,4144.38,Especes
3508,804,2025-02-17,4144.38,Virement
3509,804,2025-03-20,4144.38,Virement
3510,804,2025-04-19,4144.38,Carte
3511,804,2025-05-20,4144.38,Cheque
3512,804,2025-06-19,4144.38,Virement
3513,805,2025-07-07,17318.28,Especes
3514,805,2026-01-05,17318.28,Cheque
3515,806,2025-11-15,4321.27,Cheque
3516,806,2025-12-15,4321.27,Carte
3517,806,2026-01-14,4321.27,Carte
3518,806,2026-02-14,4321.27,Especes
3519,806,2026-03-16,4321.27,Virement
3520,806,2026-04-16,4321.27,Especes
3521,806,2026-05-16,4321.27,Virement
3522,806,2026-06-15,4321.27,Virement
3523,806,2026-07-16,4321.27,Cheque
3524,806,2026-08-15,4321.27,Virement
3525,807,2026-06-02,848.82,Carte
3526,807,2026-08-01,848.82,Especes
3527,808,2022-04-16,23403.42,Cheque
3528,809,2022-12-25,29557.67,Carte
3529,810,2022-10-11,3610.77,Cheque
3530,810,2023-01-10,3610.77,Virement
3531,810,2023-04-11,3610.77,Especes
3532,810,2023-07-11,3610.77,Especes
3533,811,2026-03-23,14271.96,Cheque
3534,812,2023-07-22,11901.08,Especes
3535,812,2023-10-20,11901.08,Cheque
3536,813,2024-08-20,3244.64,Cheque
3537,813,2024-10-19,3244.64,Cheque
3538,813,2024-12-19,3244.64,Carte
3539,813,2025-02-18,3244.64,Cheque
3540,813,2025-04-20,3244.64,Carte
3541,813,2025-06-20,3244.64,Cheque
3542,813,2025-08-20,3244.64,Carte
3543,813,2025-10-19,3244.64,Especes
3544,813,2025-12-19,3244.64,Cheque
3545,813,2026-02-18,3244.64,Cheque
3546,813,2026-04-20,3244.64,Especes
3547,813,2026-06-20,3244.64,Cheque
3548,814,2025-06-25,16998.56,Carte
3549,814,2025-09-24,16998.56,Carte
3550,814,2025-12-24,16998.56,Virement
3551,814,2026-03-25,16998.56,Carte
3552,815,2024-07-26,2541.15,Virement
3553,815,2024-09-09,2541.15,Especes
3554,815,2024-10-24,2541.15,Carte
3555,815,2024-12-08,2541.15,Carte
3556,816,2022-12-04,20041.11,Especes
3557,817,2023-08-24,4885.9,Virement
3558,817,2023-09-23,4885.9,Especes
3559,817,2023-10-23,4885.9,Carte
3560,817,2023-11-23,4885.9,Cheque
3561,817,2023-12-23,4885.9,Virement
3562,817,2024-01-23,4885.9,Especes
3563,817,2024-02-22,4885.9,Carte
3564,817,2024-03-23,4885.9,Virement
3565,817,2024-04-23,4885.9,Carte
3566,817,2024-05-23,4885.9,Cheque
3567,817,2024-06-23,4885.9,Virement
3568,817,2024-07-23,4885.9,Virement
3569,818,2024-05-10,8954.95,Carte
3570,818,2024-08-09,8954.95,Virement
3571,818,2024-11-08,8954.95,Cheque
3572,818,2025-02-07,8954.95,Virement
3573,819,2026-07-01,52572.64,Carte
3574,820,2025-09-04,3128.24,Virement
3575,820,2025-11-03,3128.24,Carte
3576,820,2026-01-03,3128.24,Especes
3577,820,2026-03-05,3128.24,Carte
3578,820,2026-05-05,3128.24,Virement
3579,820,2026-07-05,3128.24,Especes
3580,820,2026-09-04,3128.24,Virement
3581,821,2024-07-26,4502.93,Virement
3582,821,2024-08-25,4502.93,Especes
3583,821,2024-09-24,4502.93,Cheque
3584,821,2024-10-25,4502.93,Carte
3585,821,2024-11-24,4502.93,Virement
3586,821,2024-12-25,4502.93,Virement
3587,821,2025-01-24,4502.93,Virement
3588,821,2025-02-23,4502.93,Especes
3589,821,2025-03-26,4502.93,Cheque
3590,821,2025-04-25,4502.93,Especes
3591,821,2025-05-26,4502.93,Virement
3592,821,2025-06-25,4502.93,Especes
3593,822,2023-04-10,1918.05,Carte
3594,822,2023-05-10,1918.05,Cheque
3595,822,2023-06-09,1918.05,Cheque
3596,822,2023-07-10,1918.05,Cheque
3597,822,2023-08-09,1918.05,Especes
3598,822,2023-09-09,1918.05,Virement
3599,822,2023-10-09,1918.05,Cheque
3600,822,2023-11-08,1918.05,Especes
3601,822,2023-12-09,1918.05,Carte
3602,822,2024-01-08,1918.05,Cheque
3603,822,2024-02-08,1918.05,Carte
3604,822,2024-03-09,1918.05,Cheque
3605,823,2023-12-25,10155.01,Virement
3606,823,2024-06-24,10155.01,Carte
3607,824,2023-01-09,39376.61,Carte
3608,825,2023-05-03,4555.55,Cheque
3609,825,2023-08-01,4555.55,Carte
3610,826,2024-01-28,8590.22,Especes
3611,826,2024-04-27,8590.22,Virement
3612,827,2022-10-30,6423.76,Cheque
3613,827,2023-01-29,6423.76,Especes
3614,827,2023-04-30,6423.76,Especes
3615,827,2023-07-30,6423.76,Especes
3616,828,2022-02-21,14224.52,Carte
3617,828,2022-05-23,14224.52,Carte
3618,828,2022-08-22,14224.52,Cheque
3619,828,2022-11-21,14224.52,Virement
3620,829,2022-11-16,43955.26,Cheque
3621,830,2024-08-28,21968.1,Virement
3622,830,2025-02-26,21968.1,Carte
3623,831,2026-06-26,2305.89,Cheque
3624,831,2026-08-25,2305.89,Carte
3625,832,2026-02-07,55507.85,Virement
3626,833,2022-02-20,31613.27,Cheque
3627,834,2022-04-23,16222.97,Carte
3628,834,2023-04-23,16222.97,Carte
3629,835,2023-02-05,6462.81,Cheque
3630,835,2023-05-06,6462.81,Especes
3631,836,2024-11-14,1979.19,Virement
3632,836,2024-12-14,1979.19,Cheque
3633,836,2025-01-13,1979.19,Carte
3634,836,2025-02-13,1979.19,Virement
3635,836,2025-03-15,1979.19,Virement
3636,836,2025-04-15,1979.19,Especes
3637,836,2025-05-15,1979.19,Carte
3638,836,2025-06-14,1979.19,Carte
3639,836,2025-07-15,1979.19,Virement
3640,836,2025-08-14,1979.19,Especes
3641,836,2025-09-14,1979.19,Especes
3642,836,2025-10-14,1979.19,Virement
3643,837,2025-09-27,8222.53,Cheque
3644,837,2025-12-27,8222.53,Virement
3645,837,2026-03-28,8222.53,Carte
3646,837,2026-06-27,8222.53,Cheque
3647,838,2024-02-03,3089.92,Virement
3648,838,2024-02-18,3089.92,Especes
3649,838,2024-03-04,3089.92,Carte
3650,838,2024-03-19,3089.92,Virement
3651,838,2024-04-03,3089.92,Virement
3652,838,2024-04-18,3089.92,Virement
3653,838,2024-05-03,3089.92,Especes
3654,838,2024-05-18,3089.92,Cheque
3655,838,2024-06-02,3089.92,Carte
3656,838,2024-06-17,3089.92,Cheque
3657,838,2024-07-02,3089.92,Carte
3658,838,2024-07-17,3089.92,Virement
3659,839,2023-03-18,13737.81,Virement
3660,839,2023-09-16,13737.81,Virement
3661,839,2024-03-17,13737.81,Especes
3662,839,2024-09-15,13737.81,Carte
3663,840,2022-12-02,43962.62,Carte
3664,841,2025-04-17,860.34,Carte
3665,841,2025-06-16,860.34,Virement
3666,841,2025-08-16,860.34,Especes
3667,841,2025-10-16,860.34,Especes
3668,841,2025-12-16,860.34,Carte
3669,841,2026-02-15,860.34,Virement
3670,841,2026-04-17,860.34,Carte
3671,841,2026-06-16,860.34,Virement
3672,841,2026-08-16,860.34,Carte
3673,842,2022-05-16,3038.67,Carte
3674,842,2022-07-15,3038.67,Carte
3675,842,2022-09-14,3038.67,Cheque
3676,842,2022-11-14,3038.67,Carte
3677,842,2023-01-14,3038.67,Virement
3678,842,2023-03-16,3038.67,Carte
3679,842,2023-05-16,3038.67,Carte
3680,842,2023-07-15,3038.67,Carte
3681,842,2023-09-14,3038.67,Cheque
3682,842,2023-11-14,3038.67,Cheque
3683,842,2024-01-14,3038.67,Especes
3684,842,2024-03-15,3038.67,Cheque
3685,843,2024-04-28,2454.46,Virement
3686,843,2024-05-13,2454.46,Cheque
3687,843,2024-05-28,2454.46,Especes
3688,843,2024-06-12,2454.46,Especes
3689,843,2024-06-27,2454.46,Cheque
3690,843,2024-07-12,2454.46,Cheque
3691,843,2024-07-27,2454.46,Virement
3692,843,2024-08-11,2454.46,Cheque
3693,843,2024-08-26,2454.46,Especes
3694,843,2024-09-10,2454.46,Virement
3695,843,2024-09-25,2454.46,Virement
3696,843,2024-10-10,2454.46,Especes
3697,844,2023-01-16,7907.76,Cheque
3698,844,2023-07-17,7907.76,Especes
3699,845,2024-10-08,17947.48,Especes
3700,845,2025-10-08,17947.48,Carte
3701,846,2023-06-22,2817.73,Especes
3702,846,2023-07-22,2817.73,Virement
3703,846,2023-08-21,2817.73,Carte
3704,846,2023-09-21,2817.73,Cheque
3705,846,2023-10-21,2817.73,Cheque
3706,846,2023-11-21,2817.73,Virement
3707,846,2023-12-21,2817.73,Cheque
3708,846,2024-01-20,2817.73,Virement
3709,846,2024-02-20,2817.73,Especes
3710,846,2024-03-21,2817.73,Virement
3711,846,2024-04-21,2817.73,Cheque
3712,846,2024-05-21,2817.73,Cheque
3713,847,2024-05-04,2268,Cheque
3714,847,2024-05-19,2268,Cheque
3715,847,2024-06-03,2268,Cheque
3716,847,2024-06-18,2268,Cheque
3717,847,2024-07-03,2268,Cheque
3718,847,2024-07-18,2268,Especes
3719,847,2024-08-02,2268,Especes
3720,847,2024-08-17,2268,Especes
3721,847,2024-09-01,2268,Cheque
3722,847,2024-09-16,2268,Virement
3723,847,2024-10-01,2268,Virement
3724,847,2024-10-16,2268,Virement
3725,848,2026-04-16,18593.63,Virement
3726,849,2025-04-05,14897.56,Especes
3727,849,2025-10-04,14897.56,Cheque
3728,850,2025-11-22,3532.68,Especes
3729,850,2025-12-07,3532.68,Especes
3730,850,2025-12-22,3532.68,Virement
3731,850,2026-01-06,3532.68,Cheque
3732,850,2026-01-21,3532.68,Virement
3733,850,2026-02-05,3532.68,Cheque
3734,850,2026-02-20,3532.68,Carte
3735,850,2026-03-07,3532.68,Cheque
3736,850,2026-03-22,3532.68,Especes
3737,850,2026-04-06,3532.68,Cheque
3738,850,2026-04-21,3532.68,Carte
3739,850,2026-05-06,3532.68,Virement
3740,851,2025-04-06,5972.85,Especes
3741,851,2025-07-05,5972.85,Virement
3742,852,2022-12-01,1628.62,Cheque
3743,852,2022-12-16,1628.62,Virement
3744,852,2022-12-31,1628.62,Cheque
3745,852,2023-01-15,1628.62,Carte
3746,852,2023-01-30,1628.62,Virement
3747,852,2023-02-14,1628.62,Cheque
3748,852,2023-03-01,1628.62,Virement
3749,852,2023-03-16,1628.62,Especes
3750,852,2023-03-31,1628.62,Virement
3751,852,2023-04-15,1628.62,Cheque
3752,852,2023-04-30,1628.62,Virement
3753,852,2023-05-15,1628.62,Virement
3754,853,2023-08-17,3236.05,Especes
3755,853,2023-09-16,3236.05,Cheque
3756,853,2023-10-16,3236.05,Virement
3757,853,2023-11-16,3236.05,Virement
3758,853,2023-12-16,3236.05,Cheque
3759,853,2024-01-16,3236.05,Especes
3760,853,2024-02-15,3236.05,Carte
3761,853,2024-03-16,3236.05,Carte
3762,853,2024-04-16,3236.05,Carte
3763,853,2024-05-16,3236.05,Carte
3764,853,2024-06-16,3236.05,Carte
3765,853,2024-07-16,3236.05,Carte
3766,854,2026-04-16,24166.59,Especes
3767,855,2023-07-10,34428.86,Especes
3768,856,2026-08-14,2612.86,Virement
3769,857,2024-04-23,37627.22,Virement
3770,857,2024-10-22,37627.22,Especes
3771,858,2026-08-31,29467.88,Especes
3772,859,2024-05-04,14055.35,Cheque
3773,859,2024-08-03,14055.35,Cheque
3774,859,2024-11-02,14055.35,Especes
3775,859,2025-02-01,14055.35,Virement
3776,860,2023-12-15,15365.76,Especes
3777,860,2024-03-15,15365.76,Carte
3778,860,2024-06-14,15365.76,Virement
3779,860,2024-09-13,15365.76,Virement
3780,861,2022-12-19,10331.98,Cheque
3781,861,2023-12-19,10331.98,Carte
3782,862,2025-11-22,2214.77,Virement
3783,862,2025-12-07,2214.77,Cheque
3784,862,2025-12-22,2214.77,Especes
3785,862,2026-01-06,2214.77,Virement
3786,862,2026-01-21,2214.77,Carte
3787,862,2026-02-05,2214.77,Virement
3788,862,2026-02-20,2214.77,Cheque
3789,862,2026-03-07,2214.77,Carte
3790,862,2026-03-22,2214.77,Carte
3791,862,2026-04-06,2214.77,Virement
3792,862,2026-04-21,2214.77,Cheque
3793,862,2026-05-06,2214.77,Cheque
3794,863,2024-05-20,4111.34,Cheque
3795,863,2024-07-19,4111.34,Virement
3796,863,2024-09-18,4111.34,Carte
3797,863,2024-11-18,4111.34,Especes
3798,863,2025-01-18,4111.34,Cheque
3799,863,2025-03-20,4111.34,Virement
3800,863,2025-05-20,4111.34,Cheque
3801,863,2025-07-19,4111.34,Carte
3802,863,2025-09-18,4111.34,Cheque
3803,863,2025-11-18,4111.34,Especes
3804,863,2026-01-18,4111.34,Especes
3805,863,2026-03-20,4111.34,Carte
3806,864,2026-04-01,5637.76,Carte
3807,864,2026-07-01,5637.76,Virement
3808,865,2024-08-18,27941.91,Especes
3809,865,2024-11-16,27941.91,Cheque
3810,866,2026-03-26,25103.35,Carte
3811,866,2026-06-24,25103.35,Virement
3812,867,2023-01-14,4372.85,Especes
3813,867,2023-07-15,4372.85,Carte
3814,867,2024-01-14,4372.85,Especes
3815,867,2024-07-14,4372.85,Cheque
3816,868,2025-04-02,22327.11,Cheque
3817,869,2024-10-31,4922.55,Especes
3818,869,2025-10-31,4922.55,Especes
3819,870,2026-01-05,17017.56,Especes
3820,870,2026-04-05,17017.56,Carte
3821,871,2026-01-25,4715.87,Especes
3822,871,2026-02-09,4715.87,Virement
3823,871,2026-02-24,4715.87,Carte
3824,871,2026-03-11,4715.87,Virement
3825,871,2026-03-26,4715.87,Especes
3826,871,2026-04-10,4715.87,Especes
3827,871,2026-04-25,4715.87,Cheque
3828,871,2026-05-10,4715.87,Cheque
3829,871,2026-05-25,4715.87,Especes
3830,871,2026-06-09,4715.87,Carte
3831,871,2026-06-24,4715.87,Especes
3832,871,2026-07-09,4715.87,Cheque
3833,872,2024-01-21,55362.83,Especes
3834,873,2023-12-28,19450.48,Virement
3835,874,2022-09-11,13861.07,Carte
3836,875,2025-02-15,2855.32,Cheque
3837,875,2025-08-16,2855.32,Virement
3838,875,2026-02-15,2855.32,Cheque
3839,875,2026-08-16,2855.32,Cheque
3840,876,2024-07-24,2980.51,Carte
3841,876,2024-09-22,2980.51,Especes
3842,876,2024-11-22,2980.51,Cheque
3843,876,2025-01-22,2980.51,Especes
3844,876,2025-03-24,2980.51,Especes
3845,876,2025-05-24,2980.51,Cheque
3846,876,2025-07-24,2980.51,Cheque
3847,876,2025-09-22,2980.51,Especes
3848,876,2025-11-22,2980.51,Virement
3849,876,2026-01-22,2980.51,Especes
3850,876,2026-03-24,2980.51,Especes
3851,876,2026-05-24,2980.51,Virement
3852,877,2025-02-08,1320.49,Especes
3853,877,2025-03-10,1320.49,Especes
3854,877,2025-04-09,1320.49,Carte
3855,877,2025-05-10,1320.49,Cheque
3856,877,2025-06-09,1320.49,Carte
3857,877,2025-07-10,1320.49,Especes
3858,877,2025-08-09,1320.49,Carte
3859,877,2025-09-08,1320.49,Carte
3860,877,2025-10-09,1320.49,Virement
3861,877,2025-11-08,1320.49,Carte
3862,877,2025-12-09,1320.49,Virement
3863,877,2026-01-08,1320.49,Carte
3864,878,2025-10-22,15378.92,Especes
3865,878,2026-04-22,15378.92,Carte
3866,879,2024-03-22,19259.9,Virement
3867,879,2024-09-20,19259.9,Carte
3868,880,2024-03-31,55433.43,Carte
3869,881,2024-01-15,30238.42,Especes
3870,882,2024-05-19,21475.97,Virement
3871,883,2026-03-29,3584.41,Especes
3872,883,2026-05-28,3584.41,Carte
3873,883,2026-07-28,3584.41,Carte
3874,884,2024-09-19,36733.44,Virement
3875,885,2024-09-29,9039.38,Carte
3876,885,2025-03-30,9039.38,Virement
3877,886,2026-08-28,37416.07,Carte
3878,887,2022-11-09,31768.84,Cheque
3879,888,2026-06-12,16057.95,Virement
3880,889,2025-01-15,38331.86,Carte
3881,890,2024-05-31,2688.61,Especes
3882,890,2024-06-15,2688.61,Virement
3883,890,2024-06-30,2688.61,Cheque
3884,890,2024-07-15,2688.61,Virement
3885,890,2024-07-30,2688.61,Cheque
3886,890,2024-08-14,2688.61,Virement
3887,890,2024-08-29,2688.61,Cheque
3888,890,2024-09-13,2688.61,Especes
3889,890,2024-09-28,2688.61,Carte
3890,890,2024-10-13,2688.61,Cheque
3891,890,2024-10-28,2688.61,Virement
3892,890,2024-11-12,2688.61,Carte
3893,891,2022-03-15,30612.15,Virement
3894,892,2024-10-03,5815.59,Especes
3895,892,2025-04-03,5815.59,Virement
3896,893,2025-03-11,18537.46,Carte
3897,893,2026-03-11,18537.46,Carte
3898,894,2024-09-01,35630.54,Virement
3899,894,2025-09-01,35630.54,Especes
3900,895,2025-04-25,28508.19,Virement
3901,895,2025-10-24,28508.19,Cheque
3902,896,2022-02-27,4257.58,Cheque
3903,896,2022-08-28,4257.58,Especes
3904,896,2023-02-27,4257.58,Virement
3905,896,2023-08-28,4257.58,Cheque
3906,897,2026-04-17,7589.14,Especes
3907,898,2023-12-21,29837.2,Carte
3908,898,2024-03-20,29837.2,Especes
3909,899,2025-11-10,13525.58,Virement
3910,899,2025-12-25,13525.58,Carte
3911,899,2026-02-08,13525.58,Carte
3912,899,2026-03-25,13525.58,Carte
3913,900,2022-03-18,2751.82,Especes
3914,900,2022-04-17,2751.82,Carte
3915,900,2022-05-17,2751.82,Cheque
3916,900,2022-06-17,2751.82,Carte
3917,900,2022-07-17,2751.82,Cheque
3918,900,2022-08-17,2751.82,Carte
3919,900,2022-09-16,2751.82,Carte
3920,900,2022-10-16,2751.82,Especes
3921,900,2022-11-16,2751.82,Especes
3922,900,2022-12-16,2751.82,Carte
3923,900,2023-01-16,2751.82,Especes
3924,900,2023-02-15,2751.82,Especes
